{"text": " going on in the picture? No, not really.", "segments": [{"id": 0, "seek": 0, "start": 0.0, "end": 2.64, "text": " going on in the picture? No, not really.", "tokens": [50363, 1016, 319, 287, 262, 4286, 30, 1400, 11, 407, 1107, 13, 50495], "temperature": 0.0, "avg_logprob": -0.4571028436933245, "compression_ratio": 0.8333333333333334, "no_speech_prob": 0.050302036106586456}], "language": "en", "label": 0}