{"text": " And the girl is signaling to be quiet, not to let mother know that the boy is getting the cooking for her. And I did say, is she trying to dish with the girl?", "segments": [{"id": 0, "seek": 0, "start": 0.0, "end": 17.88, "text": " And the girl is signaling to be quiet, not to let mother know that the boy is getting", "tokens": [843, 262, 2576, 318, 22049, 284, 307, 5897, 11, 407, 284, 1309, 2802, 760, 326, 262, 2933, 318, 1972], "temperature": 0.0, "avg_logprob": -0.4793183962504069, "compression_ratio": 1.2183908045977012, "no_speech_prob": 0.21032531559467316}, {"id": 1, "seek": 0, "start": 17.88, "end": 20.88, "text": " the cooking for her.", "tokens": [262, 10801, 329, 607, 13], "temperature": 0.0, "avg_logprob": -0.4793183962504069, "compression_ratio": 1.2183908045977012, "no_speech_prob": 0.21032531559467316}, {"id": 2, "seek": 2088, "start": 20.88, "end": 29.68, "text": " And I did say, is she trying to dish with the girl?", "tokens": [50363, 843, 314, 750, 910, 11, 318, 673, 2111, 284, 9433, 351, 262, 2576, 30, 50803], "temperature": 0.0, "avg_logprob": -0.4990849214441636, "compression_ratio": 0.9107142857142857, "no_speech_prob": 0.00013762553862761706}], "language": "en", "label": 0}