{"text": " I'm in. You did fine. That's great.", "segments": [{"id": 0, "seek": 0, "start": 0.0, "end": 1.0, "text": " I'm in.", "tokens": [314, 1101, 287, 13], "temperature": 0.0, "avg_logprob": -0.6440910038195158, "compression_ratio": 0.813953488372093, "no_speech_prob": 0.3538610339164734}, {"id": 1, "seek": 0, "start": 1.0, "end": 2.0, "text": " You did fine.", "tokens": [921, 750, 3734, 13], "temperature": 0.0, "avg_logprob": -0.6440910038195158, "compression_ratio": 0.813953488372093, "no_speech_prob": 0.3538610339164734}, {"id": 2, "seek": 200, "start": 2.0, "end": 31.0, "text": " That's great.", "tokens": [50363, 1320, 338, 1049, 13, 51813], "temperature": 0.0, "avg_logprob": -0.5771353585379464, "compression_ratio": 0.6190476190476191, "no_speech_prob": 0.0015102388570085168}], "language": "en", "label": 0}