{"text": " anything wrong with her about. Okay? Yes, that's it. I can't find it.", "segments": [{"id": 0, "seek": 0, "start": 0.0, "end": 7.0, "text": " anything wrong with her about.", "tokens": [1997, 2642, 351, 607, 546, 13], "temperature": 0.0, "avg_logprob": -0.7132499694824219, "compression_ratio": 0.9714285714285714, "no_speech_prob": 0.09422317147254944}, {"id": 1, "seek": 700, "start": 7.0, "end": 29.0, "text": " Okay? Yes, that's it. I can't find it.", "tokens": [50363, 16805, 30, 3363, 11, 326, 338, 340, 13, 314, 460, 470, 1064, 340, 13, 51463], "temperature": 0.0, "avg_logprob": -0.6173510270960191, "compression_ratio": 0.8636363636363636, "no_speech_prob": 0.0005879047675989568}], "language": "en", "label": 0}