{"text": " Stepping to a new step. Motion of the hands, pointing in the motion on the lips. Reaching to book each hour. The air is falling, the door is open.", "segments": [{"id": 0, "seek": 0, "start": 0.0, "end": 15.0, "text": " Stepping to a new step.", "tokens": [2441, 2105, 284, 257, 649, 2239, 13], "temperature": 0.0, "avg_logprob": -0.7471431732177735, "compression_ratio": 1.2705882352941176, "no_speech_prob": 0.26590490341186523}, {"id": 1, "seek": 0, "start": 15.0, "end": 21.0, "text": " Motion of the hands, pointing in the motion on the lips.", "tokens": [20843, 286, 262, 2832, 11, 10609, 287, 262, 6268, 319, 262, 11914, 13], "temperature": 0.0, "avg_logprob": -0.7471431732177735, "compression_ratio": 1.2705882352941176, "no_speech_prob": 0.26590490341186523}, {"id": 2, "seek": 0, "start": 21.0, "end": 24.0, "text": " Reaching to book each hour.", "tokens": [797, 8103, 284, 1492, 1123, 1711, 13], "temperature": 0.0, "avg_logprob": -0.7471431732177735, "compression_ratio": 1.2705882352941176, "no_speech_prob": 0.26590490341186523}, {"id": 3, "seek": 2400, "start": 24.0, "end": 30.0, "text": " The air is falling, the door is open.", "tokens": [50363, 383, 1633, 318, 7463, 11, 262, 3420, 318, 1280, 13, 50663], "temperature": 0.0, "avg_logprob": -0.4793257713317871, "compression_ratio": 0.925, "no_speech_prob": 0.00011591208749450743}], "language": "en", "label": 0}