{"text": " Is that it? Yeah. Okay.", "segments": [{"id": 0, "seek": 0, "start": 0.0, "end": 7.0, "text": " Is that it?", "tokens": [1148, 326, 340, 30], "temperature": 0.0, "avg_logprob": -0.9534223556518555, "compression_ratio": 0.7419354838709677, "no_speech_prob": 0.3367876410484314}, {"id": 1, "seek": 0, "start": 7.0, "end": 10.0, "text": " Yeah.", "tokens": [9425, 13], "temperature": 0.0, "avg_logprob": -0.9534223556518555, "compression_ratio": 0.7419354838709677, "no_speech_prob": 0.3367876410484314}, {"id": 2, "seek": 1000, "start": 10.0, "end": 30.0, "text": " Okay.", "tokens": [50363, 16805, 13, 51363], "temperature": 0.0, "avg_logprob": -0.5727405548095703, "compression_ratio": 0.38461538461538464, "no_speech_prob": 0.0023728921078145504}], "language": "en", "label": 0}