{"text": " One dish towel, I thought I said, oh two. Two cups plate, cabinets, apron, grass and trees, floor, counter space.", "segments": [{"id": 0, "seek": 0, "start": 0.0, "end": 4.0, "text": " One dish towel, I thought I said, oh two.", "tokens": [1881, 9433, 24808, 11, 314, 1807, 314, 531, 11, 11752, 734, 13], "temperature": 0.0, "avg_logprob": -0.6643015013800727, "compression_ratio": 1.1717171717171717, "no_speech_prob": 0.4475663900375366}, {"id": 1, "seek": 400, "start": 4.0, "end": 29.0, "text": " Two cups plate, cabinets, apron, grass and trees, floor, counter space.", "tokens": [50363, 4930, 14180, 7480, 11, 43064, 11, 257, 31186, 11, 8701, 290, 7150, 11, 4314, 11, 3753, 2272, 13, 51613], "temperature": 0.0, "avg_logprob": -0.2645547276451474, "compression_ratio": 1.0142857142857142, "no_speech_prob": 0.0011870100861415267}], "language": "en", "label": 0}