{"text": " The little girl is pointing to her mouth. I think I mentioned that the boy has one cookie in his left hand and just grabbing one with his right hand.", "segments": [{"id": 0, "seek": 0, "start": 0.0, "end": 5.0, "text": " The little girl is pointing to her mouth.", "tokens": [383, 1310, 2576, 318, 10609, 284, 607, 5422, 13], "temperature": 0.0, "avg_logprob": -0.3144819797613682, "compression_ratio": 1.3076923076923077, "no_speech_prob": 0.1878182739019394}, {"id": 1, "seek": 500, "start": 5.0, "end": 33.0, "text": " I think I mentioned that the boy has one cookie in his left hand and just grabbing one with his right hand.", "tokens": [50363, 314, 892, 314, 4750, 326, 262, 2933, 468, 530, 19751, 287, 465, 1364, 1021, 290, 655, 23256, 530, 351, 465, 826, 1021, 13, 51763], "temperature": 0.0, "avg_logprob": -0.1716782679924598, "compression_ratio": 1.2298850574712643, "no_speech_prob": 9.459694410907105e-05}], "language": "en", "label": 0}