{"text": " and she has her right finger up to her lip. There's a woman standing at the sink, drying dishes, and the sink is always flowing with water onto the floor. You just let the action. Mm-hmm.", "segments": [{"id": 0, "seek": 0, "start": 0.0, "end": 13.08, "text": " and she has her right finger up to her lip. There's a woman standing at the sink, drying", "tokens": [290, 673, 468, 607, 826, 7660, 510, 284, 607, 10645, 13, 1318, 338, 257, 2415, 5055, 379, 262, 14595, 11, 29621], "temperature": 0.0, "avg_logprob": -0.4673881530761719, "compression_ratio": 1.3391304347826087, "no_speech_prob": 0.5151258707046509}, {"id": 1, "seek": 0, "start": 13.08, "end": 21.080000000000002, "text": " dishes, and the sink is always flowing with water onto the floor.", "tokens": [16759, 11, 290, 262, 14595, 318, 1464, 17609, 351, 1660, 4291, 262, 4314, 13], "temperature": 0.0, "avg_logprob": -0.4673881530761719, "compression_ratio": 1.3391304347826087, "no_speech_prob": 0.5151258707046509}, {"id": 2, "seek": 2108, "start": 21.08, "end": 30.08, "text": " You just let the action. Mm-hmm.", "tokens": [50363, 921, 655, 1309, 262, 2223, 13, 337, 76, 12, 71, 3020, 13, 50813], "temperature": 0.0, "avg_logprob": -0.8794333140055338, "compression_ratio": 0.8, "no_speech_prob": 0.0002268906100653112}], "language": "en", "label": 0}