{"text": " And that's called action. The reaction outside the window. Okay, good.", "segments": [{"id": 0, "seek": 0, "start": 0.0, "end": 2.0, "text": " And that's called action.", "tokens": [843, 326, 338, 1444, 2223, 13], "temperature": 0.0, "avg_logprob": -0.7364739227294922, "compression_ratio": 1.0405405405405406, "no_speech_prob": 0.22268572449684143}, {"id": 1, "seek": 0, "start": 3.0, "end": 5.0, "text": " The reaction outside the window.", "tokens": [383, 6317, 2354, 262, 4324, 13], "temperature": 0.0, "avg_logprob": -0.7364739227294922, "compression_ratio": 1.0405405405405406, "no_speech_prob": 0.22268572449684143}, {"id": 2, "seek": 500, "start": 5.0, "end": 25.0, "text": " Okay, good.", "tokens": [50363, 16805, 11, 922, 13, 51363], "temperature": 0.0, "avg_logprob": -0.5582480430603027, "compression_ratio": 0.5789473684210527, "no_speech_prob": 0.0007851507398299873}], "language": "en", "label": 0}