{"text": " What about down here? The water's dripping, that's what I meant. I meant flying over. I probably messed up.", "segments": [{"id": 0, "seek": 0, "start": 0.0, "end": 6.5200000000000005, "text": " What about down here?", "tokens": [1867, 546, 866, 994, 30], "temperature": 0.0, "avg_logprob": -0.43799492972237725, "compression_ratio": 1.1263157894736842, "no_speech_prob": 0.20034191012382507}, {"id": 1, "seek": 0, "start": 6.5200000000000005, "end": 9.64, "text": " The water's dripping, that's what I meant.", "tokens": [383, 1660, 338, 37472, 11, 326, 338, 644, 314, 4001, 13], "temperature": 0.0, "avg_logprob": -0.43799492972237725, "compression_ratio": 1.1263157894736842, "no_speech_prob": 0.20034191012382507}, {"id": 2, "seek": 0, "start": 9.64, "end": 10.64, "text": " I meant flying over.", "tokens": [314, 4001, 7348, 625, 13], "temperature": 0.0, "avg_logprob": -0.43799492972237725, "compression_ratio": 1.1263157894736842, "no_speech_prob": 0.20034191012382507}, {"id": 3, "seek": 1064, "start": 10.64, "end": 33.16, "text": " I probably messed up.", "tokens": [314, 2192, 32621, 510, 13], "temperature": 0.0, "avg_logprob": -0.5802361170450846, "compression_ratio": 0.7241379310344828, "no_speech_prob": 0.0006116154254414141}], "language": "en", "label": 0}