{"text": " That's all.", "segments": [{"id": 0, "seek": 0, "start": 0.0, "end": 4.08, "text": " That's all.", "tokens": [50363, 1320, 338, 477, 13, 50567], "temperature": 0.0, "avg_logprob": -0.6533654076712472, "compression_ratio": 0.5789473684210527, "no_speech_prob": 0.2315453141927719}], "language": "en", "label": 0}