{"text": " Mother's wearing a nape. Drying the dishes. That's fine. Are you still having a little problem?", "segments": [{"id": 0, "seek": 0, "start": 0.0, "end": 6.5600000000000005, "text": " Mother's wearing a nape.", "tokens": [10584, 338, 5762, 257, 299, 1758, 13], "temperature": 0.0, "avg_logprob": -0.6672914505004883, "compression_ratio": 0.9692307692307692, "no_speech_prob": 0.33953341841697693}, {"id": 1, "seek": 0, "start": 6.5600000000000005, "end": 13.0, "text": " Drying the dishes.", "tokens": [360, 14992, 262, 16759, 13], "temperature": 0.0, "avg_logprob": -0.6672914505004883, "compression_ratio": 0.9692307692307692, "no_speech_prob": 0.33953341841697693}, {"id": 2, "seek": 0, "start": 13.0, "end": 14.0, "text": " That's fine.", "tokens": [1320, 338, 3734, 13], "temperature": 0.0, "avg_logprob": -0.6672914505004883, "compression_ratio": 0.9692307692307692, "no_speech_prob": 0.33953341841697693}, {"id": 3, "seek": 1400, "start": 14.0, "end": 41.86, "text": " Are you still having a little problem?", "tokens": [4231, 345, 991, 1719, 257, 1310, 1917, 30], "temperature": 1.0, "avg_logprob": -2.571964422861735, "compression_ratio": 0.8260869565217391, "no_speech_prob": 0.0003459106956142932}], "language": "en", "label": 0}