{"text": " This girl has on a dresser skirt and blouse. This boy looks like he's got on short trousers and a shirt with a sweater. She has cookie jars full of cookies and the lid is off.", "segments": [{"id": 0, "seek": 0, "start": 0.0, "end": 12.72, "text": " This girl has on a dresser skirt and blouse.", "tokens": [770, 2576, 468, 319, 257, 6576, 263, 23967, 290, 698, 1076, 13], "temperature": 0.0, "avg_logprob": -0.3038116455078125, "compression_ratio": 1.2526315789473683, "no_speech_prob": 0.017962710931897163}, {"id": 1, "seek": 0, "start": 12.72, "end": 23.6, "text": " This boy looks like he's got on short trousers and a shirt with a sweater.", "tokens": [770, 2933, 3073, 588, 339, 338, 1392, 319, 1790, 37191, 290, 257, 10147, 351, 257, 35685, 13], "temperature": 0.0, "avg_logprob": -0.3038116455078125, "compression_ratio": 1.2526315789473683, "no_speech_prob": 0.017962710931897163}, {"id": 2, "seek": 2360, "start": 23.6, "end": 30.6, "text": " She has cookie jars full of cookies and the lid is off.", "tokens": [50363, 1375, 468, 19751, 33008, 1336, 286, 14746, 290, 262, 19789, 318, 572, 13, 50713], "temperature": 0.0, "avg_logprob": -0.5998401641845703, "compression_ratio": 1.0, "no_speech_prob": 2.796826811390929e-05}], "language": "en", "label": 0}