{"text": " follow but she loves the cookies and she's got the window open it's like which is very unusual and there are dishes on the camera. You talking about action stuff? Anything like overall picture anything that you see happening?", "segments": [{"id": 0, "seek": 0, "start": 0.0, "end": 6.28, "text": " follow but she loves the cookies and she's got the window open it's like", "tokens": [1061, 475, 673, 10408, 262, 14746, 290, 673, 338, 1392, 262, 4324, 1280, 340, 338, 588], "temperature": 0.0, "avg_logprob": -0.43290161599918286, "compression_ratio": 1.4189189189189189, "no_speech_prob": 0.08572086691856384}, {"id": 1, "seek": 0, "start": 6.28, "end": 14.8, "text": " which is very unusual and there are dishes on the camera.", "tokens": [543, 318, 845, 8468, 290, 612, 389, 16759, 319, 262, 4676, 13], "temperature": 0.0, "avg_logprob": -0.43290161599918286, "compression_ratio": 1.4189189189189189, "no_speech_prob": 0.08572086691856384}, {"id": 2, "seek": 0, "start": 21.8, "end": 28.080000000000002, "text": " You talking about action stuff? Anything like overall picture anything that you", "tokens": [921, 3375, 546, 2223, 3404, 30, 21035, 588, 4045, 4286, 1997, 326, 345], "temperature": 0.0, "avg_logprob": -0.43290161599918286, "compression_ratio": 1.4189189189189189, "no_speech_prob": 0.08572086691856384}, {"id": 3, "seek": 2808, "start": 28.08, "end": 31.0, "text": " see happening?", "tokens": [50363, 766, 5836, 30, 50509], "temperature": 0.0, "avg_logprob": -0.45436330636342365, "compression_ratio": 0.6363636363636364, "no_speech_prob": 5.771875294158235e-06}], "language": "en", "label": 0}