{"text": " The mother has an egg growing. Okay? Okay.", "segments": [{"id": 0, "seek": 0, "start": 0.0, "end": 2.0, "text": " The mother has an egg growing.", "tokens": [383, 2802, 468, 281, 5935, 3957, 13], "temperature": 0.0, "avg_logprob": -0.6061519516838921, "compression_ratio": 0.9130434782608695, "no_speech_prob": 0.017399096861481667}, {"id": 1, "seek": 0, "start": 7.5, "end": 8.5, "text": " Okay?", "tokens": [16805, 30], "temperature": 0.0, "avg_logprob": -0.6061519516838921, "compression_ratio": 0.9130434782608695, "no_speech_prob": 0.017399096861481667}, {"id": 2, "seek": 850, "start": 8.5, "end": 30.5, "text": " Okay.", "tokens": [50363, 16805, 13, 51463], "temperature": 0.0, "avg_logprob": -0.537687873840332, "compression_ratio": 0.38461538461538464, "no_speech_prob": 0.000237780885072425}], "language": "en", "label": 0}