{"text": " Touching lip, raising arm, is that what you mean? Reaching for cookie, handing cookie down, slipping from stool, stool falling over, and wiping dishes, water running, water overflowing.", "segments": [{"id": 0, "seek": 0, "start": 0.0, "end": 11.08, "text": " Touching lip, raising arm, is that what you mean?", "tokens": [15957, 278, 10645, 11, 8620, 3211, 11, 318, 326, 644, 345, 1612, 30], "temperature": 0.0, "avg_logprob": -0.3183229807260874, "compression_ratio": 1.3203883495145632, "no_speech_prob": 0.37405604124069214}, {"id": 1, "seek": 0, "start": 11.08, "end": 23.92, "text": " Reaching for cookie, handing cookie down, slipping from stool, stool falling over, and", "tokens": [797, 8103, 329, 19751, 11, 22786, 19751, 866, 11, 29612, 422, 38753, 11, 38753, 7463, 625, 11, 290], "temperature": 0.0, "avg_logprob": -0.3183229807260874, "compression_ratio": 1.3203883495145632, "no_speech_prob": 0.37405604124069214}, {"id": 2, "seek": 2392, "start": 23.92, "end": 29.720000000000002, "text": " wiping dishes, water running, water overflowing.", "tokens": [50363, 36906, 16759, 11, 1660, 2491, 11, 1660, 43347, 13, 50653], "temperature": 0.0, "avg_logprob": -0.37845444679260254, "compression_ratio": 1.0212765957446808, "no_speech_prob": 4.7573928895872086e-05}], "language": "en", "label": 0}