{"text": " That's about all.", "segments": [{"id": 0, "seek": 0, "start": 0.0, "end": 0.84, "text": " That's about all.", "tokens": [50363, 1320, 338, 546, 477, 13, 50405], "temperature": 0.0, "avg_logprob": -0.5457186102867126, "compression_ratio": 0.68, "no_speech_prob": 0.04341687262058258}], "language": "en", "label": 0}