{"text": " They all have shoes on. There's a cup, two cups and a saucer on the sink. The window has withdrawn drapes. You look out on the driveway. There's kitchen cabinets. Tell me what's happening. Oh, what's happening?", "segments": [{"id": 0, "seek": 0, "start": 0.0, "end": 7.0, "text": " They all have shoes on. There's a cup, two cups and a saucer on the sink. The window", "tokens": [1119, 477, 423, 10012, 319, 13, 1318, 338, 257, 6508, 11, 734, 14180, 290, 257, 473, 48915, 319, 262, 14595, 13, 383, 4324], "temperature": 0.0, "avg_logprob": -0.3103864548054147, "compression_ratio": 1.3278688524590163, "no_speech_prob": 0.2372952103614807}, {"id": 1, "seek": 0, "start": 15.120000000000001, "end": 22.12, "text": " has withdrawn drapes. You look out on the driveway. There's kitchen cabinets.", "tokens": [468, 23019, 288, 2416, 274, 13, 921, 804, 503, 319, 262, 33515, 13, 1318, 338, 9592, 43064, 13], "temperature": 0.0, "avg_logprob": -0.3103864548054147, "compression_ratio": 1.3278688524590163, "no_speech_prob": 0.2372952103614807}, {"id": 2, "seek": 2212, "start": 22.12, "end": 28.080000000000002, "text": " Tell me what's happening. Oh, what's happening?", "tokens": [50363, 14026, 502, 644, 338, 5836, 13, 3966, 11, 644, 338, 5836, 30, 50661], "temperature": 0.0, "avg_logprob": -0.26580511728922523, "compression_ratio": 1.175, "no_speech_prob": 1.6797160924397758e-06}], "language": "en", "label": 0}