{"text": " the cabinet, the lid off, and it's in the kitchen. The mother is washing dishes at the window with a curtain on the window, walk outside with trees and grass. Water is running over in the sink onto the floor. The mother is drying a dish and stepping in the water. There's a plate and two cups sitting on the cabinet.", "segments": [{"id": 0, "seek": 0, "start": 0.0, "end": 8.88, "text": " the cabinet, the lid off, and it's in the kitchen. The mother is washing dishes at", "tokens": [262, 13447, 11, 262, 19789, 572, 11, 290, 340, 338, 287, 262, 9592, 13, 383, 2802, 318, 20518, 16759, 379], "temperature": 0.0, "avg_logprob": -0.207100099132907, "compression_ratio": 1.6216216216216217, "no_speech_prob": 0.427636057138443}, {"id": 1, "seek": 0, "start": 8.88, "end": 16.98, "text": " the window with a curtain on the window, walk outside with trees and grass. Water", "tokens": [262, 4324, 351, 257, 29461, 319, 262, 4324, 11, 2513, 2354, 351, 7150, 290, 8701, 13, 5638], "temperature": 0.0, "avg_logprob": -0.207100099132907, "compression_ratio": 1.6216216216216217, "no_speech_prob": 0.427636057138443}, {"id": 2, "seek": 0, "start": 16.98, "end": 23.04, "text": " is running over in the sink onto the floor. The mother is drying a dish and", "tokens": [318, 2491, 625, 287, 262, 14595, 4291, 262, 4314, 13, 383, 2802, 318, 29621, 257, 9433, 290], "temperature": 0.0, "avg_logprob": -0.207100099132907, "compression_ratio": 1.6216216216216217, "no_speech_prob": 0.427636057138443}, {"id": 3, "seek": 2304, "start": 23.04, "end": 29.759999999999998, "text": " stepping in the water. There's a plate and two cups sitting on the cabinet.", "tokens": [50363, 17413, 287, 262, 1660, 13, 1318, 338, 257, 7480, 290, 734, 14180, 5586, 319, 262, 13447, 13, 50699], "temperature": 0.0, "avg_logprob": -0.09980394244194031, "compression_ratio": 1.0416666666666667, "no_speech_prob": 4.029316642117919e-06}], "language": "en", "label": 0}