{"text": " The lid is falling off the book if you want. The cupboard is half open. The lid is falling off the book if you want.", "segments": [{"id": 0, "seek": 0, "start": 0.0, "end": 7.0, "text": " The lid is falling off the book if you want.", "tokens": [383, 19789, 318, 7463, 572, 262, 1492, 611, 345, 765, 13], "temperature": 0.0, "avg_logprob": -0.5946632911419046, "compression_ratio": 1.0512820512820513, "no_speech_prob": 0.25505921244621277}, {"id": 1, "seek": 0, "start": 7.0, "end": 12.0, "text": " The cupboard is half open.", "tokens": [383, 6508, 3526, 318, 2063, 1280, 13], "temperature": 0.0, "avg_logprob": -0.5946632911419046, "compression_ratio": 1.0512820512820513, "no_speech_prob": 0.25505921244621277}, {"id": 2, "seek": 1200, "start": 12.0, "end": 31.0, "text": " The lid is falling off the book if you want.", "tokens": [383, 19789, 318, 7463, 572, 262, 1492, 611, 345, 765, 13], "temperature": 0.0, "avg_logprob": -0.7226504643758138, "compression_ratio": 0.8627450980392157, "no_speech_prob": 0.0003149867116007954}], "language": "en", "label": 0}