{"text": " There's the picture. This little boy has his hand in the cookie jar. He has gotten up on a stool, which is tipping over. And just standing there wanting some cookies too.", "segments": [{"id": 0, "seek": 0, "start": 0.0, "end": 2.0, "text": " There's the picture.", "tokens": [1318, 338, 262, 4286, 13], "temperature": 0.0, "avg_logprob": -0.350366917062313, "compression_ratio": 1.317829457364341, "no_speech_prob": 0.040115438401699066}, {"id": 1, "seek": 0, "start": 9.0, "end": 12.0, "text": " This little boy has his hand in the cookie jar.", "tokens": [770, 1310, 2933, 468, 465, 1021, 287, 262, 19751, 17379, 13], "temperature": 0.0, "avg_logprob": -0.350366917062313, "compression_ratio": 1.317829457364341, "no_speech_prob": 0.040115438401699066}, {"id": 2, "seek": 0, "start": 12.0, "end": 18.0, "text": " He has gotten up on a stool, which is tipping over.", "tokens": [679, 468, 7891, 510, 319, 257, 38753, 11, 543, 318, 31639, 625, 13], "temperature": 0.0, "avg_logprob": -0.350366917062313, "compression_ratio": 1.317829457364341, "no_speech_prob": 0.040115438401699066}, {"id": 3, "seek": 1800, "start": 18.0, "end": 30.0, "text": " And just standing there wanting some cookies too.", "tokens": [50363, 843, 655, 5055, 612, 10291, 617, 14746, 1165, 13, 50963], "temperature": 0.0, "avg_logprob": -0.2879188855489095, "compression_ratio": 0.9074074074074074, "no_speech_prob": 5.064146898803301e-05}], "language": "en", "label": 0}