{"text": " Mother is frowning Sad this is bushes But the door is open Oh girl looks like she's laughing", "segments": [{"id": 0, "seek": 0, "start": 0.0, "end": 2.0, "text": " Mother is frowning", "tokens": [10584, 318, 22002, 278], "temperature": 0.0, "avg_logprob": -0.33445671626499723, "compression_ratio": 1.0714285714285714, "no_speech_prob": 0.1046590805053711}, {"id": 1, "seek": 0, "start": 7.68, "end": 9.68, "text": " Sad this is bushes", "tokens": [14668, 428, 318, 37413], "temperature": 0.0, "avg_logprob": -0.33445671626499723, "compression_ratio": 1.0714285714285714, "no_speech_prob": 0.1046590805053711}, {"id": 2, "seek": 0, "start": 12.44, "end": 14.44, "text": " But the door is open", "tokens": [887, 262, 3420, 318, 1280], "temperature": 0.0, "avg_logprob": -0.33445671626499723, "compression_ratio": 1.0714285714285714, "no_speech_prob": 0.1046590805053711}, {"id": 3, "seek": 1444, "start": 14.44, "end": 24.04, "text": " Oh girl looks like she's laughing", "tokens": [50363, 3966, 2576, 3073, 588, 673, 338, 14376, 50843], "temperature": 0.0, "avg_logprob": -0.45320591926574705, "compression_ratio": 0.8461538461538461, "no_speech_prob": 1.4970598385843914e-05}], "language": "en", "label": 0}