{"text": " That's it.", "segments": [{"id": 0, "seek": 0, "start": 0.0, "end": 2.56, "text": " That's it.", "tokens": [50363, 1320, 338, 340, 13, 50491], "temperature": 0.0, "avg_logprob": -0.49157449177333284, "compression_ratio": 0.5555555555555556, "no_speech_prob": 0.07425539940595627}], "language": "en", "label": 0}