{"text": " side looks like the curtains might be billowing a little. The little girl is asking the boy for a cookie and see the mother's drying the dishes and she's standing in the water looks like there are a couple dishes that have already been dried sitting on the sink.", "segments": [{"id": 0, "seek": 0, "start": 0.0, "end": 6.48, "text": " side looks like the curtains might be billowing a little. The little girl is", "tokens": [1735, 3073, 588, 262, 41160, 1244, 307, 2855, 7855, 257, 1310, 13, 383, 1310, 2576, 318], "temperature": 0.0, "avg_logprob": -0.1836462541060014, "compression_ratio": 1.5862068965517242, "no_speech_prob": 0.019462671130895615}, {"id": 1, "seek": 0, "start": 6.48, "end": 19.84, "text": " asking the boy for a cookie and see the mother's drying the dishes and she's", "tokens": [4737, 262, 2933, 329, 257, 19751, 290, 766, 262, 2802, 338, 29621, 262, 16759, 290, 673, 338], "temperature": 0.0, "avg_logprob": -0.1836462541060014, "compression_ratio": 1.5862068965517242, "no_speech_prob": 0.019462671130895615}, {"id": 2, "seek": 0, "start": 19.84, "end": 26.6, "text": " standing in the water looks like there are a couple dishes that have already", "tokens": [5055, 287, 262, 1660, 3073, 588, 612, 389, 257, 3155, 16759, 326, 423, 1541], "temperature": 0.0, "avg_logprob": -0.1836462541060014, "compression_ratio": 1.5862068965517242, "no_speech_prob": 0.019462671130895615}, {"id": 3, "seek": 2660, "start": 26.6, "end": 30.44, "text": " been dried sitting on the sink.", "tokens": [50363, 587, 16577, 5586, 319, 262, 14595, 13, 50555], "temperature": 0.0, "avg_logprob": -0.16949284076690674, "compression_ratio": 0.8378378378378378, "no_speech_prob": 4.710846951638814e-06}], "language": "en", "label": 0}