{"text": " there are shrubbery to the left of the path and you can see beyond that another window and I don't know what that is, whether those are flowers or weeds. And, oh, this is part of the house, you can see the roof of maybe the hall of the house and the curtains, that's where all the curtains are drawn back.", "segments": [{"id": 0, "seek": 0, "start": 0.0, "end": 6.48, "text": " there are shrubbery to the left of the path and you can see beyond that another window", "tokens": [612, 389, 10157, 549, 13001, 284, 262, 1364, 286, 262, 3108, 290, 345, 460, 766, 3675, 326, 1194, 4324], "temperature": 0.0, "avg_logprob": -0.3611753487292631, "compression_ratio": 1.7039106145251397, "no_speech_prob": 0.02422759123146534}, {"id": 1, "seek": 0, "start": 6.48, "end": 10.32, "text": " and I don't know what that is, whether those are flowers or weeds.", "tokens": [290, 314, 836, 470, 760, 644, 326, 318, 11, 1771, 883, 389, 12734, 393, 36708, 13], "temperature": 0.0, "avg_logprob": -0.3611753487292631, "compression_ratio": 1.7039106145251397, "no_speech_prob": 0.02422759123146534}, {"id": 2, "seek": 0, "start": 10.32, "end": 17.0, "text": " And, oh, this is part of the house, you can see the roof of maybe the hall of the house", "tokens": [843, 11, 11752, 11, 428, 318, 636, 286, 262, 2156, 11, 345, 460, 766, 262, 9753, 286, 3863, 262, 6899, 286, 262, 2156], "temperature": 0.0, "avg_logprob": -0.3611753487292631, "compression_ratio": 1.7039106145251397, "no_speech_prob": 0.02422759123146534}, {"id": 3, "seek": 1700, "start": 17.0, "end": 30.28, "text": " and the curtains, that's where all the curtains are drawn back.", "tokens": [50363, 290, 262, 41160, 11, 326, 338, 810, 477, 262, 41160, 389, 7428, 736, 13, 51027], "temperature": 0.0, "avg_logprob": -0.57914997549618, "compression_ratio": 1.105263157894737, "no_speech_prob": 5.224844062468037e-05}], "language": "en", "label": 0}