{"text": " cookie jar. That's the boy who's up on a stool and the daughter is there trying to grab the cookie I guess from the boy. What else? It looks like a nice yard in back with a bit of a garden and some grass. I believe she's standing in the water. It still bothers me that she's gone blind.", "segments": [{"id": 0, "seek": 0, "start": 0.0, "end": 7.84, "text": " cookie jar. That's the boy who's up on a stool and the daughter is there trying to grab the", "tokens": [19751, 17379, 13, 1320, 338, 262, 2933, 508, 338, 510, 319, 257, 38753, 290, 262, 4957, 318, 612, 2111, 284, 5552, 262], "temperature": 0.0, "avg_logprob": -0.15466019805048553, "compression_ratio": 1.4858757062146892, "no_speech_prob": 0.0676405057311058}, {"id": 1, "seek": 0, "start": 7.84, "end": 19.84, "text": " cookie I guess from the boy. What else? It looks like a nice yard in back with a bit", "tokens": [19751, 314, 4724, 422, 262, 2933, 13, 1867, 2073, 30, 632, 3073, 588, 257, 3621, 12699, 287, 736, 351, 257, 1643], "temperature": 0.0, "avg_logprob": -0.15466019805048553, "compression_ratio": 1.4858757062146892, "no_speech_prob": 0.0676405057311058}, {"id": 2, "seek": 0, "start": 19.84, "end": 26.76, "text": " of a garden and some grass. I believe she's standing in the water. It still bothers me", "tokens": [286, 257, 11376, 290, 617, 8701, 13, 314, 1975, 673, 338, 5055, 287, 262, 1660, 13, 632, 991, 46293, 502], "temperature": 0.0, "avg_logprob": -0.15466019805048553, "compression_ratio": 1.4858757062146892, "no_speech_prob": 0.0676405057311058}, {"id": 3, "seek": 2676, "start": 26.76, "end": 30.0, "text": " that she's gone blind.", "tokens": [50363, 326, 673, 338, 3750, 7770, 13, 50525], "temperature": 0.0, "avg_logprob": -0.36189227634006077, "compression_ratio": 0.7333333333333333, "no_speech_prob": 5.682349637936568e-06}], "language": "en", "label": 0}