{"text": " And the water splashing on the floor.", "segments": [{"id": 0, "seek": 0, "start": 0.0, "end": 6.96, "text": " And the water splashing on the floor.", "tokens": [50363, 843, 262, 1660, 4328, 2140, 319, 262, 4314, 13, 50711], "temperature": 0.0, "avg_logprob": -0.3351465066274007, "compression_ratio": 0.8809523809523809, "no_speech_prob": 0.0784200057387352}], "language": "en", "label": 0}