{"text": " is going to fall over. The boy has his right heel on his left toe. He's wearing running shoes with pom-poms on them. The socks look pretty sloppy. I observed that one of the two slippers that the girl is wearing is a white dress. The girl is wearing a white dress", "segments": [{"id": 0, "seek": 0, "start": 0.0, "end": 7.0, "text": " is going to fall over. The boy has his right heel on his left toe. He's wearing running", "tokens": [318, 1016, 284, 2121, 625, 13, 383, 2933, 468, 465, 826, 24703, 319, 465, 1364, 21189, 13, 679, 338, 5762, 2491], "temperature": 0.0, "avg_logprob": -0.28549316951206755, "compression_ratio": 1.3410852713178294, "no_speech_prob": 0.19772493839263916}, {"id": 1, "seek": 0, "start": 11.4, "end": 18.400000000000002, "text": " shoes with pom-poms on them. The socks look pretty sloppy. I observed that one of the", "tokens": [10012, 351, 279, 296, 12, 79, 3150, 319, 606, 13, 383, 24359, 804, 2495, 35862, 13, 314, 6515, 326, 530, 286, 262], "temperature": 0.0, "avg_logprob": -0.28549316951206755, "compression_ratio": 1.3410852713178294, "no_speech_prob": 0.19772493839263916}, {"id": 2, "seek": 1840, "start": 18.4, "end": 25.4, "text": " two slippers that the girl is wearing is a white dress. The girl is wearing a white dress", "tokens": [50363, 734, 1017, 16415, 326, 262, 2576, 318, 5762, 318, 257, 2330, 6576, 13, 383, 2576, 318, 5762, 257, 2330, 6576, 50713], "temperature": 0.0, "avg_logprob": -0.8944467461627462, "compression_ratio": 1.3692307692307693, "no_speech_prob": 1.228904579875234e-06}], "language": "en", "label": 0}