{"text": " Here's the picture. Alrighty, our reaction I see is a little girl with her finger up to her mouth and one arm extended up, looking up at the boy who's reaching up to the cookie jar with his right hand reaching for the cookie. With his left hand, he already has a cookie, it almost looks like the girl's trying to reach for the cookie in the lower left hand. He's standing on the store, tipping over.", "segments": [{"id": 0, "seek": 0, "start": 0.0, "end": 13.0, "text": " Here's the picture. Alrighty, our reaction I see is a little girl with her finger up to her mouth and one arm extended up,", "tokens": [3423, 338, 262, 4286, 13, 40967, 88, 11, 674, 6317, 314, 766, 318, 257, 1310, 2576, 351, 607, 7660, 510, 284, 607, 5422, 290, 530, 3211, 7083, 510, 11], "temperature": 0.0, "avg_logprob": -0.262957605083337, "compression_ratio": 1.7163461538461537, "no_speech_prob": 0.30906373262405396}, {"id": 1, "seek": 0, "start": 13.0, "end": 20.0, "text": " looking up at the boy who's reaching up to the cookie jar with his right hand reaching for the cookie.", "tokens": [2045, 510, 379, 262, 2933, 508, 338, 8978, 510, 284, 262, 19751, 17379, 351, 465, 826, 1021, 8978, 329, 262, 19751, 13], "temperature": 0.0, "avg_logprob": -0.262957605083337, "compression_ratio": 1.7163461538461537, "no_speech_prob": 0.30906373262405396}, {"id": 2, "seek": 0, "start": 20.0, "end": 26.0, "text": " With his left hand, he already has a cookie, it almost looks like the girl's trying to reach for the cookie in the lower left hand.", "tokens": [2080, 465, 1364, 1021, 11, 339, 1541, 468, 257, 19751, 11, 340, 2048, 3073, 588, 262, 2576, 338, 2111, 284, 3151, 329, 262, 19751, 287, 262, 2793, 1364, 1021, 13], "temperature": 0.0, "avg_logprob": -0.262957605083337, "compression_ratio": 1.7163461538461537, "no_speech_prob": 0.30906373262405396}, {"id": 3, "seek": 2600, "start": 26.0, "end": 30.0, "text": " He's standing on the store, tipping over.", "tokens": [50363, 679, 338, 5055, 319, 262, 3650, 11, 31639, 625, 13, 50563], "temperature": 0.0, "avg_logprob": -0.3793478378882775, "compression_ratio": 0.9318181818181818, "no_speech_prob": 1.2411340321705211e-05}], "language": "en", "label": 0}