{"text": " Okay, you can start now.", "segments": [{"id": 0, "seek": 0, "start": 0.0, "end": 2.0, "text": " Okay, you can start now.", "tokens": [50363, 16805, 11, 345, 460, 923, 783, 13, 50463], "temperature": 0.0, "avg_logprob": -0.43228802680969236, "compression_ratio": 0.75, "no_speech_prob": 0.19040657579898834}], "language": "en", "label": 0}