{"text": " kitchen cabinets is that it now i see three people in there a mother and a little boy and a girl could they see you mother everything", "segments": [{"id": 0, "seek": 0, "start": 0.0, "end": 3.04, "text": " kitchen cabinets", "tokens": [9592, 43064], "temperature": 0.0, "avg_logprob": -0.5166016780968868, "compression_ratio": 1.2619047619047619, "no_speech_prob": 0.07720315456390381}, {"id": 1, "seek": 0, "start": 5.12, "end": 7.6000000000000005, "text": " is that it", "tokens": [318, 326, 340], "temperature": 0.0, "avg_logprob": -0.5166016780968868, "compression_ratio": 1.2619047619047619, "no_speech_prob": 0.07720315456390381}, {"id": 2, "seek": 0, "start": 9.040000000000001, "end": 14.4, "text": " now i see three people in there a mother and a little boy and a girl", "tokens": [783, 1312, 766, 1115, 661, 287, 612, 257, 2802, 290, 257, 1310, 2933, 290, 257, 2576], "temperature": 0.0, "avg_logprob": -0.5166016780968868, "compression_ratio": 1.2619047619047619, "no_speech_prob": 0.07720315456390381}, {"id": 3, "seek": 1440, "start": 14.4, "end": 26.240000000000002, "text": " could they see you mother everything", "tokens": [50363, 714, 484, 766, 345, 2802, 2279, 50955], "temperature": 1.0, "avg_logprob": -4.563554128011067, "compression_ratio": 0.8571428571428571, "no_speech_prob": 0.0001214669828186743}], "language": "en", "label": 0}