{"text": " The boy is handing her a cookie. Really, those are the only activities I see. Okay.", "segments": [{"id": 0, "seek": 0, "start": 0.0, "end": 7.0, "text": " The boy is handing her a cookie.", "tokens": [383, 2933, 318, 22786, 607, 257, 19751, 13], "temperature": 0.0, "avg_logprob": -0.5292295173362449, "compression_ratio": 1.0246913580246915, "no_speech_prob": 0.18944646418094635}, {"id": 1, "seek": 0, "start": 7.0, "end": 15.0, "text": " Really, those are the only activities I see.", "tokens": [16123, 11, 883, 389, 262, 691, 4568, 314, 766, 13], "temperature": 0.0, "avg_logprob": -0.5292295173362449, "compression_ratio": 1.0246913580246915, "no_speech_prob": 0.18944646418094635}, {"id": 2, "seek": 1500, "start": 15.0, "end": 31.0, "text": " Okay.", "tokens": [50363, 16805, 13, 51163], "temperature": 0.0, "avg_logprob": -0.9037967681884765, "compression_ratio": 0.38461538461538464, "no_speech_prob": 2.0145342205069028e-05}], "language": "en", "label": 0}