{"text": " is written on the grass it seems. I never noticed that, I don't know.", "segments": [{"id": 0, "seek": 0, "start": 0.0, "end": 15.18, "text": " is written on the grass it seems.", "tokens": [318, 3194, 319, 262, 8701, 340, 2331, 13], "temperature": 1.0, "avg_logprob": -1.3025859196980794, "compression_ratio": 0.8048780487804879, "no_speech_prob": 0.3798671364784241}, {"id": 1, "seek": 1518, "start": 15.18, "end": 17.18, "text": " I never noticed that, I don't know.", "tokens": [50363, 314, 1239, 6810, 326, 11, 314, 836, 470, 760, 13, 50463], "temperature": 0.0, "avg_logprob": -0.5620347536527194, "compression_ratio": 0.813953488372093, "no_speech_prob": 0.2542451322078705}], "language": "en", "label": 0}