{"text": " Thank you.", "segments": [{"id": 0, "seek": 0, "start": 0.0, "end": 3.68, "text": " Thank you.", "tokens": [50363, 6952, 345, 13, 50547], "temperature": 0.0, "avg_logprob": -0.6272768974304199, "compression_ratio": 0.5555555555555556, "no_speech_prob": 0.06616152822971344}], "language": "en", "label": 0}