{"text": " Okay, here's the picture. All the action you see going on. Boy taking cookies out of the cookie jar. The stool is falling. The little girl is reaching. Water is running out of the closet. Water is overflowing the sink. Woman is washing dishes.", "segments": [{"id": 0, "seek": 0, "start": 0.0, "end": 7.0, "text": " Okay, here's the picture. All the action you see going on.", "tokens": [16805, 11, 994, 338, 262, 4286, 13, 1439, 262, 2223, 345, 766, 1016, 319, 13], "temperature": 0.0, "avg_logprob": -0.27036509794347424, "compression_ratio": 1.4384615384615385, "no_speech_prob": 0.16892562806606293}, {"id": 1, "seek": 0, "start": 7.0, "end": 17.0, "text": " Boy taking cookies out of the cookie jar. The stool is falling.", "tokens": [6387, 2263, 14746, 503, 286, 262, 19751, 17379, 13, 383, 38753, 318, 7463, 13], "temperature": 0.0, "avg_logprob": -0.27036509794347424, "compression_ratio": 1.4384615384615385, "no_speech_prob": 0.16892562806606293}, {"id": 2, "seek": 0, "start": 17.0, "end": 23.0, "text": " The little girl is reaching. Water is running out of the closet.", "tokens": [383, 1310, 2576, 318, 8978, 13, 5638, 318, 2491, 503, 286, 262, 21615, 13], "temperature": 0.0, "avg_logprob": -0.27036509794347424, "compression_ratio": 1.4384615384615385, "no_speech_prob": 0.16892562806606293}, {"id": 3, "seek": 2300, "start": 23.0, "end": 30.0, "text": " Water is overflowing the sink. Woman is washing dishes.", "tokens": [50363, 5638, 318, 43347, 262, 14595, 13, 14381, 318, 20518, 16759, 13, 50713], "temperature": 0.0, "avg_logprob": -0.13082512787410192, "compression_ratio": 0.9482758620689655, "no_speech_prob": 8.887074363883585e-05}], "language": "en", "label": 0}