{"text": " Sometimes it's difficult. Okay, that's fine.", "segments": [{"id": 0, "seek": 0, "start": 0.0, "end": 7.0, "text": " Sometimes it's difficult.", "tokens": [8975, 340, 338, 2408, 13], "temperature": 0.0, "avg_logprob": -0.6168906688690186, "compression_ratio": 0.88, "no_speech_prob": 0.12936092913150787}, {"id": 1, "seek": 700, "start": 7.0, "end": 35.0, "text": " Okay, that's fine.", "tokens": [50363, 16805, 11, 326, 338, 3734, 13, 51763], "temperature": 0.0, "avg_logprob": -0.5568426450093588, "compression_ratio": 0.6923076923076923, "no_speech_prob": 0.0009247695561498404}], "language": "en", "label": 0}