{"text": " And. Okay, fine. That's good. Thank you very much.", "segments": [{"id": 0, "seek": 0, "start": 0.0, "end": 3.36, "text": " And.", "tokens": [843, 13], "temperature": 0.0, "avg_logprob": -0.5590759754180908, "compression_ratio": 0.9259259259259259, "no_speech_prob": 0.12797284126281738}, {"id": 1, "seek": 336, "start": 3.36, "end": 25.74, "text": " Okay, fine. That's good. Thank you very much.", "tokens": [50363, 16805, 11, 3734, 13, 1320, 338, 922, 13, 6952, 345, 845, 881, 13, 51482], "temperature": 0.0, "avg_logprob": -0.49743518233299255, "compression_ratio": 0.9183673469387755, "no_speech_prob": 0.0004011177225038409}], "language": "en", "label": 0}