{"text": " Curtains are and well, it's not too windy because the curtain seems to be in place Other than that, it seems a very sweet home and And probably a little few years ago not right now", "segments": [{"id": 0, "seek": 0, "start": 0.0, "end": 5.08, "text": " Curtains are and well, it's not too windy because the curtain seems to be in place", "tokens": [19569, 1299, 389, 290, 880, 11, 340, 338, 407, 1165, 2344, 88, 780, 262, 29461, 2331, 284, 307, 287, 1295], "temperature": 0.0, "avg_logprob": -0.29006213330207986, "compression_ratio": 1.3643410852713178, "no_speech_prob": 0.009217442013323307}, {"id": 1, "seek": 0, "start": 7.44, "end": 11.8, "text": " Other than that, it seems a very sweet home and", "tokens": [3819, 621, 326, 11, 340, 2331, 257, 845, 6029, 1363, 290], "temperature": 0.0, "avg_logprob": -0.29006213330207986, "compression_ratio": 1.3643410852713178, "no_speech_prob": 0.009217442013323307}, {"id": 2, "seek": 1180, "start": 11.8, "end": 26.080000000000002, "text": " And probably a little few years ago not right now", "tokens": [50363, 843, 2192, 257, 1310, 1178, 812, 2084, 407, 826, 783, 51077], "temperature": 0.0, "avg_logprob": -0.3603931206923265, "compression_ratio": 0.8909090909090909, "no_speech_prob": 7.766750968585256e-06}], "language": "en", "label": 0}