{"text": " tipping over. He's getting cookies out of the cookie jar, handing them to his sister. His shoes are untied. He's going to fall. The cupboard door is open. The lid is off the cookie jar. Mother's feet are getting wet. She must be in outer space and she doesn't notice all this that's going on. Okay, thanks.", "segments": [{"id": 0, "seek": 0, "start": 0.0, "end": 6.88, "text": " tipping over. He's getting cookies out of the cookie jar, handing them to his sister.", "tokens": [31639, 625, 13, 679, 338, 1972, 14746, 503, 286, 262, 19751, 17379, 11, 22786, 606, 284, 465, 6621, 13], "temperature": 0.0, "avg_logprob": -0.2846572160720825, "compression_ratio": 1.6404494382022472, "no_speech_prob": 0.08038786798715591}, {"id": 1, "seek": 0, "start": 6.88, "end": 13.88, "text": " His shoes are untied. He's going to fall. The cupboard door is open. The lid is off", "tokens": [2399, 10012, 389, 1418, 798, 13, 679, 338, 1016, 284, 2121, 13, 383, 6508, 3526, 3420, 318, 1280, 13, 383, 19789, 318, 572], "temperature": 0.0, "avg_logprob": -0.2846572160720825, "compression_ratio": 1.6404494382022472, "no_speech_prob": 0.08038786798715591}, {"id": 2, "seek": 0, "start": 15.32, "end": 22.32, "text": " the cookie jar. Mother's feet are getting wet. She must be in outer space and she doesn't", "tokens": [262, 19751, 17379, 13, 10584, 338, 3625, 389, 1972, 9583, 13, 1375, 1276, 307, 287, 12076, 2272, 290, 673, 1595, 470], "temperature": 0.0, "avg_logprob": -0.2846572160720825, "compression_ratio": 1.6404494382022472, "no_speech_prob": 0.08038786798715591}, {"id": 3, "seek": 2232, "start": 22.32, "end": 29.32, "text": " notice all this that's going on. Okay, thanks.", "tokens": [50363, 4003, 477, 428, 326, 338, 1016, 319, 13, 16805, 11, 5176, 13, 50713], "temperature": 0.0, "avg_logprob": -0.24968179066975912, "compression_ratio": 0.92, "no_speech_prob": 6.854182629467687e-06}], "language": "en", "label": 0}