{"text": " fancy sink cabinet over here and a fancy wall cabinet over there. That's about it. Okay.", "segments": [{"id": 0, "seek": 0, "start": 0.0, "end": 5.76, "text": " fancy sink cabinet over here and a fancy wall cabinet over there.", "tokens": [14996, 14595, 13447, 625, 994, 290, 257, 14996, 3355, 13447, 625, 612, 13], "temperature": 0.0, "avg_logprob": -0.4245834021732725, "compression_ratio": 1.1604938271604939, "no_speech_prob": 0.17694739997386932}, {"id": 1, "seek": 0, "start": 5.76, "end": 6.76, "text": " That's about it.", "tokens": [1320, 338, 546, 340, 13], "temperature": 0.0, "avg_logprob": -0.4245834021732725, "compression_ratio": 1.1604938271604939, "no_speech_prob": 0.17694739997386932}, {"id": 2, "seek": 676, "start": 6.76, "end": 33.84, "text": " Okay.", "tokens": [16805, 13], "temperature": 1.0, "avg_logprob": -1.6310027440388997, "compression_ratio": 0.38461538461538464, "no_speech_prob": 0.0009395379456691444}], "language": "en", "label": 0}