{"text": " Mother is looking out the window. The girl is touching her lips. The boy is standing on his right foot. His left foot is sort of up in the air. Mother's right foot is flat on the floor and her left... she's on her left toe. She's holding the dishcloth in her right hand and the plate. She is drying in her left...", "segments": [{"id": 0, "seek": 0, "start": 0.0, "end": 5.0, "text": " Mother is looking out the window. The girl is touching her lips.", "tokens": [10584, 318, 2045, 503, 262, 4324, 13, 383, 2576, 318, 15241, 607, 11914, 13], "temperature": 0.0, "avg_logprob": -0.19112594666019564, "compression_ratio": 1.5704225352112675, "no_speech_prob": 0.08384459465742111}, {"id": 1, "seek": 0, "start": 5.0, "end": 12.0, "text": " The boy is standing on his right foot. His left foot is sort of up in the air.", "tokens": [383, 2933, 318, 5055, 319, 465, 826, 2366, 13, 2399, 1364, 2366, 318, 3297, 286, 510, 287, 262, 1633, 13], "temperature": 0.0, "avg_logprob": -0.19112594666019564, "compression_ratio": 1.5704225352112675, "no_speech_prob": 0.08384459465742111}, {"id": 2, "seek": 0, "start": 12.0, "end": 21.0, "text": " Mother's right foot is flat on the floor and her left... she's on her left toe.", "tokens": [10584, 338, 826, 2366, 318, 6228, 319, 262, 4314, 290, 607, 1364, 986, 673, 338, 319, 607, 1364, 21189, 13], "temperature": 0.0, "avg_logprob": -0.19112594666019564, "compression_ratio": 1.5704225352112675, "no_speech_prob": 0.08384459465742111}, {"id": 3, "seek": 2100, "start": 21.0, "end": 30.0, "text": " She's holding the dishcloth in her right hand and the plate. She is drying in her left...", "tokens": [50363, 1375, 338, 4769, 262, 9433, 44905, 287, 607, 826, 1021, 290, 262, 7480, 13, 1375, 318, 29621, 287, 607, 1364, 986, 50813], "temperature": 0.0, "avg_logprob": -0.1059333582719167, "compression_ratio": 1.1265822784810127, "no_speech_prob": 0.00013549825234804302}], "language": "en", "label": 0}