{"text": " The window appears to be open, but I can't make out any action in the background there. That's all. Okay, that's fun.", "segments": [{"id": 0, "seek": 0, "start": 0.0, "end": 10.3, "text": " The window appears to be open, but I can't make out any action in the background there.", "tokens": [383, 4324, 3568, 284, 307, 1280, 11, 475, 314, 460, 470, 787, 503, 597, 2223, 287, 262, 4469, 612, 13], "temperature": 0.2, "avg_logprob": -0.40460524687895905, "compression_ratio": 1.125, "no_speech_prob": 0.15811370313167572}, {"id": 1, "seek": 0, "start": 10.3, "end": 11.3, "text": " That's all.", "tokens": [1320, 338, 477, 13], "temperature": 0.2, "avg_logprob": -0.40460524687895905, "compression_ratio": 1.125, "no_speech_prob": 0.15811370313167572}, {"id": 2, "seek": 1130, "start": 11.3, "end": 31.200000000000003, "text": " Okay, that's fun.", "tokens": [16805, 11, 326, 338, 1257, 13], "temperature": 0.0, "avg_logprob": -0.7765067100524903, "compression_ratio": 0.68, "no_speech_prob": 0.0004838829627260566}], "language": "en", "label": 0}