{"text": " I'd like for you to take a look at this picture and tell me everything that you see happening in there, everything that's going on. You know, it sinks over Floyd, and the stool's tipping over with the boy on it. He's taking down a cookie. He has one in his hand he's going to hand to the girl. And he's going to hand it over to the girl.", "segments": [{"id": 0, "seek": 0, "start": 0.0, "end": 8.0, "text": " I'd like for you to take a look at this picture and tell me everything that you see happening in there, everything that's going on.", "tokens": [314, 1549, 588, 329, 345, 284, 1011, 257, 804, 379, 428, 4286, 290, 1560, 502, 2279, 326, 345, 766, 5836, 287, 612, 11, 2279, 326, 338, 1016, 319, 13], "temperature": 0.0, "avg_logprob": -0.20041835157177115, "compression_ratio": 1.575268817204301, "no_speech_prob": 0.22419768571853638}, {"id": 1, "seek": 0, "start": 13.0, "end": 21.0, "text": " You know, it sinks over Floyd, and the stool's tipping over with the boy on it.", "tokens": [921, 760, 11, 340, 38614, 625, 21150, 11, 290, 262, 38753, 338, 31639, 625, 351, 262, 2933, 319, 340, 13], "temperature": 0.0, "avg_logprob": -0.20041835157177115, "compression_ratio": 1.575268817204301, "no_speech_prob": 0.22419768571853638}, {"id": 2, "seek": 0, "start": 21.0, "end": 25.0, "text": " He's taking down a cookie. He has one in his hand he's going to hand to the girl.", "tokens": [679, 338, 2263, 866, 257, 19751, 13, 679, 468, 530, 287, 465, 1021, 339, 338, 1016, 284, 1021, 284, 262, 2576, 13], "temperature": 0.0, "avg_logprob": -0.20041835157177115, "compression_ratio": 1.575268817204301, "no_speech_prob": 0.22419768571853638}, {"id": 3, "seek": 2500, "start": 25.0, "end": 27.0, "text": " And he's going to hand it over to the girl.", "tokens": [50363, 843, 339, 338, 1016, 284, 1021, 340, 625, 284, 262, 2576, 13, 50463], "temperature": 0.0, "avg_logprob": -0.7929758707682292, "compression_ratio": 0.9148936170212766, "no_speech_prob": 4.289312073524343e-06}], "language": "en", "label": 0}