{"text": " I don't see anything else there. That's object under water.", "segments": [{"id": 0, "seek": 0, "start": 0.0, "end": 18.28, "text": " I don't see anything else there.", "tokens": [314, 836, 470, 766, 1997, 2073, 612, 13], "temperature": 0.0, "avg_logprob": -0.38529404004414874, "compression_ratio": 0.8, "no_speech_prob": 0.5732151865959167}, {"id": 1, "seek": 1828, "start": 18.28, "end": 30.020000000000003, "text": " That's object under water.", "tokens": [50363, 1320, 338, 2134, 739, 1660, 13, 50950], "temperature": 1.0, "avg_logprob": -2.888909657796224, "compression_ratio": 0.7647058823529411, "no_speech_prob": 4.133233960601501e-05}], "language": "en", "label": 0}