{"text": " The handles on the door are the kind that are just almost like a round piece of wood that you have to get a hold of to pull the cupboard door open. And what's really strange is that you can't see any handles on the cupboards on the other side of the kitchen.", "segments": [{"id": 0, "seek": 0, "start": 0.0, "end": 10.0, "text": " The handles on the door are the kind that are just almost like a round piece of wood that you have to get a hold of to pull the cupboard door open.", "tokens": [383, 17105, 319, 262, 3420, 389, 262, 1611, 326, 389, 655, 2048, 588, 257, 2835, 3704, 286, 4898, 326, 345, 423, 284, 651, 257, 1745, 286, 284, 2834, 262, 6508, 3526, 3420, 1280, 13], "temperature": 0.0, "avg_logprob": -0.15019945800304413, "compression_ratio": 1.6226415094339623, "no_speech_prob": 0.06671053171157837}, {"id": 1, "seek": 1000, "start": 10.0, "end": 30.0, "text": " And what's really strange is that you can't see any handles on the cupboards on the other side of the kitchen.", "tokens": [50363, 843, 644, 338, 1107, 6283, 318, 326, 345, 460, 470, 766, 597, 17105, 319, 262, 6508, 12821, 319, 262, 584, 1735, 286, 262, 9592, 13, 51363], "temperature": 0.0, "avg_logprob": -0.12578693458012172, "compression_ratio": 1.2087912087912087, "no_speech_prob": 5.828843131894246e-05}], "language": "en", "label": 0}