{"text": " That water is coming out of the process. Okay. Good. Thank you.", "segments": [{"id": 0, "seek": 0, "start": 0.0, "end": 2.0, "text": " That water is coming out of the process.", "tokens": [1320, 1660, 318, 2406, 503, 286, 262, 1429, 13], "temperature": 0.0, "avg_logprob": -0.6553885833076809, "compression_ratio": 0.9130434782608695, "no_speech_prob": 0.1413670927286148}, {"id": 1, "seek": 0, "start": 3.0, "end": 4.0, "text": " Okay.", "tokens": [16805, 13], "temperature": 0.0, "avg_logprob": -0.6553885833076809, "compression_ratio": 0.9130434782608695, "no_speech_prob": 0.1413670927286148}, {"id": 2, "seek": 400, "start": 4.0, "end": 29.0, "text": " Good. Thank you.", "tokens": [50363, 4599, 13, 6952, 345, 13, 51613], "temperature": 0.0, "avg_logprob": -0.32567664980888367, "compression_ratio": 0.6666666666666666, "no_speech_prob": 0.000631008530035615}], "language": "en", "label": 0}