{"text": " dishes there on the sink that remain to be done.", "segments": [{"id": 0, "seek": 0, "start": 0.0, "end": 2.8000000000000003, "text": " dishes there on the sink that remain to be done.", "tokens": [50363, 16759, 612, 319, 262, 14595, 326, 3520, 284, 307, 1760, 13, 50503], "temperature": 0.0, "avg_logprob": -0.31482999665396555, "compression_ratio": 0.9411764705882353, "no_speech_prob": 0.004699186887592077}], "language": "en", "label": 0}