{"text": " paying any attention to what they do. The stool is tipping, the cookie jar, the door is open. There may be a little breeze coming in because this window is open. The little girl is saying, has her finger to her mouth, shh, we won't tell mother, while you give me the cookie.", "segments": [{"id": 0, "seek": 0, "start": 0.0, "end": 6.5600000000000005, "text": " paying any attention to what they do. The stool is tipping, the cookie jar, the", "tokens": [5989, 597, 3241, 284, 644, 484, 466, 13, 383, 38753, 318, 31639, 11, 262, 19751, 17379, 11, 262], "temperature": 0.0, "avg_logprob": -0.3161615313905658, "compression_ratio": 1.525, "no_speech_prob": 0.060130808502435684}, {"id": 1, "seek": 0, "start": 6.5600000000000005, "end": 16.52, "text": " door is open. There may be a little breeze coming in because this window is open.", "tokens": [3420, 318, 1280, 13, 1318, 743, 307, 257, 1310, 28633, 2406, 287, 780, 428, 4324, 318, 1280, 13], "temperature": 0.0, "avg_logprob": -0.3161615313905658, "compression_ratio": 1.525, "no_speech_prob": 0.060130808502435684}, {"id": 2, "seek": 0, "start": 19.44, "end": 23.84, "text": " The little girl is saying, has her finger to her mouth, shh, we won't tell mother,", "tokens": [383, 1310, 2576, 318, 2282, 11, 468, 607, 7660, 284, 607, 5422, 11, 427, 71, 11, 356, 1839, 470, 1560, 2802, 11], "temperature": 0.0, "avg_logprob": -0.3161615313905658, "compression_ratio": 1.525, "no_speech_prob": 0.060130808502435684}, {"id": 3, "seek": 2384, "start": 23.84, "end": 30.72, "text": " while you give me the cookie.", "tokens": [50363, 981, 345, 1577, 502, 262, 19751, 13, 50707], "temperature": 0.0, "avg_logprob": -0.3579288721084595, "compression_ratio": 0.7837837837837838, "no_speech_prob": 9.080286872631405e-06}], "language": "en", "label": 0}