{"text": " Okay, I've got you standing in the water. Okay, I've got you. That's fine.", "segments": [{"id": 0, "seek": 0, "start": 0.0, "end": 7.0, "text": " Okay, I've got you standing in the water.", "tokens": [16805, 11, 314, 1053, 1392, 345, 5055, 287, 262, 1660, 13], "temperature": 0.0, "avg_logprob": -0.699720690327306, "compression_ratio": 1.1940298507462686, "no_speech_prob": 0.26569250226020813}, {"id": 1, "seek": 0, "start": 7.0, "end": 14.0, "text": " Okay, I've got you.", "tokens": [16805, 11, 314, 1053, 1392, 345, 13], "temperature": 0.0, "avg_logprob": -0.699720690327306, "compression_ratio": 1.1940298507462686, "no_speech_prob": 0.26569250226020813}, {"id": 2, "seek": 1400, "start": 14.0, "end": 34.0, "text": " That's fine.", "tokens": [50363, 1320, 338, 3734, 13, 51363], "temperature": 0.0, "avg_logprob": -0.7064501898629325, "compression_ratio": 0.6, "no_speech_prob": 0.00017951321206055582}], "language": "en", "label": 0}