{"text": " Any action or anything you see this car was the Saints overflowing the ladies wishing dishes Boys up on the stool schools He's falling. He's getting a cookies out of the cooking. So how the girls reaching up for the cookies The windows open the doors open to the cabinet. That's about it", "segments": [{"id": 0, "seek": 0, "start": 0.0, "end": 6.04, "text": " Any action or anything you see this car was the Saints overflowing the ladies wishing dishes", "tokens": [4377, 2223, 393, 1997, 345, 766, 428, 1097, 373, 262, 13048, 43347, 262, 17308, 24433, 16759], "temperature": 0.0, "avg_logprob": -0.3668834629343517, "compression_ratio": 1.5977653631284916, "no_speech_prob": 0.15007680654525757}, {"id": 1, "seek": 0, "start": 7.640000000000001, "end": 10.06, "text": " Boys up on the stool schools", "tokens": [17528, 510, 319, 262, 38753, 4266], "temperature": 0.0, "avg_logprob": -0.3668834629343517, "compression_ratio": 1.5977653631284916, "no_speech_prob": 0.15007680654525757}, {"id": 2, "seek": 0, "start": 10.8, "end": 17.66, "text": " He's falling. He's getting a cookies out of the cooking. So how the girls reaching up for the cookies", "tokens": [679, 338, 7463, 13, 679, 338, 1972, 257, 14746, 503, 286, 262, 10801, 13, 1406, 703, 262, 4813, 8978, 510, 329, 262, 14746], "temperature": 0.0, "avg_logprob": -0.3668834629343517, "compression_ratio": 1.5977653631284916, "no_speech_prob": 0.15007680654525757}, {"id": 3, "seek": 1766, "start": 17.66, "end": 27.22, "text": " The windows open the doors open to the cabinet. That's about it", "tokens": [50363, 383, 9168, 1280, 262, 8215, 1280, 284, 262, 13447, 13, 1320, 338, 546, 340, 50841], "temperature": 0.0, "avg_logprob": -0.23845134061925552, "compression_ratio": 1.05, "no_speech_prob": 2.885562389565166e-05}], "language": "en", "label": 0}