{"text": " And the boys, it looks like, I think I said that already, I think the boys are about to have an accident. So. Okay, so.", "segments": [{"id": 0, "seek": 0, "start": 0.0, "end": 4.74, "text": " And the boys, it looks like, I think I said that already,", "tokens": [843, 262, 6510, 11, 340, 3073, 588, 11, 314, 892, 314, 531, 326, 1541, 11], "temperature": 0.0, "avg_logprob": -0.3821319952243712, "compression_ratio": 1.2079207920792079, "no_speech_prob": 0.11447198688983917}, {"id": 1, "seek": 0, "start": 4.74, "end": 7.140000000000001, "text": " I think the boys are about to have an accident.", "tokens": [314, 892, 262, 6510, 389, 546, 284, 423, 281, 5778, 13], "temperature": 0.0, "avg_logprob": -0.3821319952243712, "compression_ratio": 1.2079207920792079, "no_speech_prob": 0.11447198688983917}, {"id": 2, "seek": 0, "start": 8.26, "end": 9.1, "text": " So.", "tokens": [1406, 13], "temperature": 0.0, "avg_logprob": -0.3821319952243712, "compression_ratio": 1.2079207920792079, "no_speech_prob": 0.11447198688983917}, {"id": 3, "seek": 910, "start": 9.1, "end": 31.0, "text": " Okay, so.", "tokens": [50363, 16805, 11, 523, 13, 51458], "temperature": 1.0, "avg_logprob": -2.1199471609933034, "compression_ratio": 0.5294117647058824, "no_speech_prob": 0.0005313842557370663}], "language": "en", "label": 0}