{"text": " with an apron and a nice dress and shoes and so forth. And I don't understand why she's not turning the water off, but that's part of the deal. And there's curtains on the window, and there's panes in the window, small panes. That's about it.", "segments": [{"id": 0, "seek": 0, "start": 0.0, "end": 6.24, "text": " with an apron and a nice dress and shoes and so forth.", "tokens": [351, 281, 257, 31186, 290, 257, 3621, 6576, 290, 10012, 290, 523, 6071, 13], "temperature": 0.0, "avg_logprob": -0.2879961309298663, "compression_ratio": 1.5512820512820513, "no_speech_prob": 0.012559608556330204}, {"id": 1, "seek": 0, "start": 6.24, "end": 11.48, "text": " And I don't understand why she's not turning the water off, but that's part of the deal.", "tokens": [843, 314, 836, 470, 1833, 1521, 673, 338, 407, 6225, 262, 1660, 572, 11, 475, 326, 338, 636, 286, 262, 1730, 13], "temperature": 0.0, "avg_logprob": -0.2879961309298663, "compression_ratio": 1.5512820512820513, "no_speech_prob": 0.012559608556330204}, {"id": 2, "seek": 0, "start": 11.48, "end": 15.8, "text": " And there's curtains on the window, and there's panes in the window, small panes.", "tokens": [843, 612, 338, 41160, 319, 262, 4324, 11, 290, 612, 338, 3425, 274, 287, 262, 4324, 11, 1402, 3425, 274, 13], "temperature": 0.0, "avg_logprob": -0.2879961309298663, "compression_ratio": 1.5512820512820513, "no_speech_prob": 0.012559608556330204}, {"id": 3, "seek": 1580, "start": 15.8, "end": 30.44, "text": " That's about it.", "tokens": [50363, 1320, 338, 546, 340, 13, 51095], "temperature": 0.0, "avg_logprob": -0.7446907162666321, "compression_ratio": 0.6666666666666666, "no_speech_prob": 1.952536877070088e-05}], "language": "en", "label": 0}