{"text": " Looks like she's working on her balloon. Water is splashing onto the floor. Okay, good.", "segments": [{"id": 0, "seek": 0, "start": 0.0, "end": 2.0, "text": " Looks like she's working on her balloon.", "tokens": [29403, 588, 673, 338, 1762, 319, 607, 21190, 13], "temperature": 0.0, "avg_logprob": -0.42904403805732727, "compression_ratio": 1.0888888888888888, "no_speech_prob": 0.13309335708618164}, {"id": 1, "seek": 0, "start": 5.0, "end": 7.0, "text": " Water is splashing onto the floor.", "tokens": [5638, 318, 4328, 2140, 4291, 262, 4314, 13], "temperature": 0.0, "avg_logprob": -0.42904403805732727, "compression_ratio": 1.0888888888888888, "no_speech_prob": 0.13309335708618164}, {"id": 2, "seek": 700, "start": 7.0, "end": 29.0, "text": " Okay, good.", "tokens": [50363, 16805, 11, 922, 13, 51463], "temperature": 0.0, "avg_logprob": -0.7291009766714913, "compression_ratio": 0.5789473684210527, "no_speech_prob": 0.00043383555021137}], "language": "en", "label": 0}