{"text": " I think I saw it flying but I said the water was flying. It's coming out of the faucet and it's flashing. Let's see why we have to wait for someone else come here.", "segments": [{"id": 0, "seek": 0, "start": 0.0, "end": 3.92, "text": " I think I saw it flying but I said the water was flying.", "tokens": [314, 892, 314, 2497, 340, 7348, 475, 314, 531, 262, 1660, 373, 7348, 13], "temperature": 0.0, "avg_logprob": -0.5332743644714355, "compression_ratio": 1.2323232323232323, "no_speech_prob": 0.25671330094337463}, {"id": 1, "seek": 0, "start": 3.92, "end": 8.56, "text": " It's coming out of the faucet and it's flashing.", "tokens": [632, 338, 2406, 503, 286, 262, 277, 14272, 316, 290, 340, 338, 25293, 13], "temperature": 0.0, "avg_logprob": -0.5332743644714355, "compression_ratio": 1.2323232323232323, "no_speech_prob": 0.25671330094337463}, {"id": 2, "seek": 856, "start": 8.56, "end": 34.56, "text": " Let's see why we have to wait for someone else come here.", "tokens": [50363, 3914, 338, 766, 1521, 356, 423, 284, 4043, 329, 2130, 2073, 1282, 994, 13, 51663], "temperature": 1.0, "avg_logprob": -2.7321539486155793, "compression_ratio": 0.9193548387096774, "no_speech_prob": 0.0004406627849675715}], "language": "en", "label": 0}