{"text": " That's it. Okay, good.", "segments": [{"id": 0, "seek": 0, "start": 0.0, "end": 2.0, "text": " That's it.", "tokens": [1320, 338, 340, 13], "temperature": 0.0, "avg_logprob": -0.4828173930828388, "compression_ratio": 0.7333333333333333, "no_speech_prob": 0.153603658080101}, {"id": 1, "seek": 200, "start": 2.0, "end": 31.0, "text": " Okay, good.", "tokens": [50363, 16805, 11, 922, 13, 51813], "temperature": 0.0, "avg_logprob": -0.4945581299918039, "compression_ratio": 0.5789473684210527, "no_speech_prob": 0.0034329991322010756}], "language": "en", "label": 0}