{"text": " Do you want action or just want anything I see? Just action. Okay. Okay. Thanks very much.", "segments": [{"id": 0, "seek": 0, "start": 0.0, "end": 3.0, "text": " Do you want action or just want anything I see?", "tokens": [2141, 345, 765, 2223, 393, 655, 765, 1997, 314, 766, 30], "temperature": 0.0, "avg_logprob": -0.3162135770243983, "compression_ratio": 1.0975609756097562, "no_speech_prob": 0.13170099258422852}, {"id": 1, "seek": 0, "start": 3.0, "end": 4.0, "text": " Just action.", "tokens": [2329, 2223, 13], "temperature": 0.0, "avg_logprob": -0.3162135770243983, "compression_ratio": 1.0975609756097562, "no_speech_prob": 0.13170099258422852}, {"id": 2, "seek": 0, "start": 4.0, "end": 5.0, "text": " Okay.", "tokens": [16805, 13], "temperature": 0.0, "avg_logprob": -0.3162135770243983, "compression_ratio": 1.0975609756097562, "no_speech_prob": 0.13170099258422852}, {"id": 3, "seek": 500, "start": 5.0, "end": 20.0, "text": " Okay. Thanks very much.", "tokens": [50363, 16805, 13, 6930, 845, 881, 13, 51113], "temperature": 0.0, "avg_logprob": -0.3798637390136719, "compression_ratio": 0.7419354838709677, "no_speech_prob": 0.00010719894635258242}], "language": "en", "label": 0}