{"text": " can't, well she'll feel it soon on her feet when the water hits her. That's what I see.", "segments": [{"id": 0, "seek": 0, "start": 0.0, "end": 7.0, "text": " can't, well she'll feel it soon on her feet when the water hits her. That's what I see.", "tokens": [50363, 460, 470, 11, 880, 673, 1183, 1254, 340, 2582, 319, 607, 3625, 618, 262, 1660, 7127, 607, 13, 1320, 338, 644, 314, 766, 13, 50713], "temperature": 0.0, "avg_logprob": -0.23836019304063585, "compression_ratio": 1.12987012987013, "no_speech_prob": 0.012791560031473637}], "language": "en", "label": 0}