{"text": " The mother is drying the dish and the water is running over. The boy is taking cookies out of the cabinet and he's tipping over on the stool and the girl is reaching for one and she has one finger to her mouth. I just say shh another one here.", "segments": [{"id": 0, "seek": 0, "start": 0.0, "end": 11.44, "text": " The mother is drying the dish and the water is running over.", "tokens": [383, 2802, 318, 29621, 262, 9433, 290, 262, 1660, 318, 2491, 625, 13], "temperature": 0.0, "avg_logprob": -0.3165852228800456, "compression_ratio": 1.5555555555555556, "no_speech_prob": 0.16353823244571686}, {"id": 1, "seek": 0, "start": 11.44, "end": 20.72, "text": " The boy is taking cookies out of the cabinet and he's tipping over on the stool and the", "tokens": [383, 2933, 318, 2263, 14746, 503, 286, 262, 13447, 290, 339, 338, 31639, 625, 319, 262, 38753, 290, 262], "temperature": 0.0, "avg_logprob": -0.3165852228800456, "compression_ratio": 1.5555555555555556, "no_speech_prob": 0.16353823244571686}, {"id": 2, "seek": 0, "start": 20.72, "end": 26.28, "text": " girl is reaching for one and she has one finger to her mouth.", "tokens": [2576, 318, 8978, 329, 530, 290, 673, 468, 530, 7660, 284, 607, 5422, 13], "temperature": 0.0, "avg_logprob": -0.3165852228800456, "compression_ratio": 1.5555555555555556, "no_speech_prob": 0.16353823244571686}, {"id": 3, "seek": 2628, "start": 26.28, "end": 30.0, "text": " I just say shh another one here.", "tokens": [50363, 314, 655, 910, 427, 71, 1194, 530, 994, 13, 50549], "temperature": 0.0, "avg_logprob": -0.6728865305582682, "compression_ratio": 0.8421052631578947, "no_speech_prob": 1.750239789544139e-05}], "language": "en", "label": 0}