{"text": " onto the floor sink is in front of a window one can look out the window and see a path and what is obviously a yard there's a plate and two cups or dishes on the counter the children getting into the cookie jar there's one boy and one girl", "segments": [{"id": 0, "seek": 0, "start": 0.0, "end": 7.640000000000001, "text": " onto the floor sink is in front of a window one can look out the window and", "tokens": [4291, 262, 4314, 14595, 318, 287, 2166, 286, 257, 4324, 530, 460, 804, 503, 262, 4324, 290], "temperature": 0.0, "avg_logprob": -0.1507518735982604, "compression_ratio": 1.6027397260273972, "no_speech_prob": 0.10895539075136185}, {"id": 1, "seek": 0, "start": 7.640000000000001, "end": 19.56, "text": " see a path and what is obviously a yard there's a plate and two cups or dishes", "tokens": [766, 257, 3108, 290, 644, 318, 6189, 257, 12699, 612, 338, 257, 7480, 290, 734, 14180, 393, 16759], "temperature": 0.0, "avg_logprob": -0.1507518735982604, "compression_ratio": 1.6027397260273972, "no_speech_prob": 0.10895539075136185}, {"id": 2, "seek": 0, "start": 19.56, "end": 26.92, "text": " on the counter the children getting into the cookie jar there's one boy and one", "tokens": [319, 262, 3753, 262, 1751, 1972, 656, 262, 19751, 17379, 612, 338, 530, 2933, 290, 530], "temperature": 0.0, "avg_logprob": -0.1507518735982604, "compression_ratio": 1.6027397260273972, "no_speech_prob": 0.10895539075136185}, {"id": 3, "seek": 2692, "start": 26.92, "end": 32.160000000000004, "text": " girl", "tokens": [50363, 2576, 50625], "temperature": 0.0, "avg_logprob": -0.27819687128067017, "compression_ratio": 0.3333333333333333, "no_speech_prob": 7.296296189451823e-06}], "language": "en", "label": 0}