{"text": " open. What else you want? There are curtains in the window.", "segments": [{"id": 0, "seek": 0, "start": 0.0, "end": 7.0, "text": " open.", "tokens": [1280, 13], "temperature": 0.2, "avg_logprob": -0.7810893058776855, "compression_ratio": 0.8983050847457628, "no_speech_prob": 0.20935824513435364}, {"id": 1, "seek": 0, "start": 7.16, "end": 7.92, "text": " What else you want?", "tokens": [1867, 2073, 345, 765, 30], "temperature": 0.2, "avg_logprob": -0.7810893058776855, "compression_ratio": 0.8983050847457628, "no_speech_prob": 0.20935824513435364}, {"id": 2, "seek": 792, "start": 7.92, "end": 31.92, "text": " There are curtains in the window.", "tokens": [50363, 1318, 389, 41160, 287, 262, 4324, 13, 51563], "temperature": 0.0, "avg_logprob": -0.7052648544311524, "compression_ratio": 0.8461538461538461, "no_speech_prob": 0.0013138044159859419}], "language": "en", "label": 0}