{"text": " She's stepping in the water. He's looking out the window instead of paying attention to the worst conditions.", "segments": [{"id": 0, "seek": 0, "start": 0.0, "end": 11.08, "text": " She's stepping in the water.", "tokens": [1375, 338, 17413, 287, 262, 1660, 13], "temperature": 0.0, "avg_logprob": -0.5384982207725788, "compression_ratio": 1.2555555555555555, "no_speech_prob": 0.1625063419342041}, {"id": 1, "seek": 1108, "start": 11.08, "end": 31.480000000000004, "text": " He's looking out the window instead of paying attention to the worst conditions.", "tokens": [679, 338, 2045, 503, 262, 4324, 2427, 286, 5989, 3241, 284, 262, 5290, 3403, 13], "temperature": 0.0, "avg_logprob": -0.5178706018548263, "compression_ratio": 1.095890410958904, "no_speech_prob": 0.0003888605278916657}], "language": "en", "label": 0}