{"text": " Okay.", "segments": [{"id": 0, "seek": 0, "start": 0.0, "end": 2.0, "text": " Okay.", "tokens": [50363, 16805, 13, 50463], "temperature": 0.0, "avg_logprob": -0.9499100685119629, "compression_ratio": 0.38461538461538464, "no_speech_prob": 0.06289301067590714}], "language": "en", "label": 0}