{"text": " One more thing, what I want you to do is take a look at that picture and tell me everything you see happening, everything that's going on. Well, the water's running over on the floor. The chair is tilting. The boy's into the cookie jar and his sister is reaching for a cookie. Mother's drying dishes.", "segments": [{"id": 0, "seek": 0, "start": 0.0, "end": 10.0, "text": " One more thing, what I want you to do is take a look at that picture and tell me everything you see happening, everything that's going on.", "tokens": [1881, 517, 1517, 11, 644, 314, 765, 345, 284, 466, 318, 1011, 257, 804, 379, 326, 4286, 290, 1560, 502, 2279, 345, 766, 5836, 11, 2279, 326, 338, 1016, 319, 13], "temperature": 0.0, "avg_logprob": -0.2149658203125, "compression_ratio": 1.5862068965517242, "no_speech_prob": 0.02593476139008999}, {"id": 1, "seek": 0, "start": 10.0, "end": 24.0, "text": " Well, the water's running over on the floor. The chair is tilting. The boy's into the cookie jar and his sister is reaching for a cookie.", "tokens": [3894, 11, 262, 1660, 338, 2491, 625, 319, 262, 4314, 13, 383, 5118, 318, 21502, 889, 13, 383, 2933, 338, 656, 262, 19751, 17379, 290, 465, 6621, 318, 8978, 329, 257, 19751, 13], "temperature": 0.0, "avg_logprob": -0.2149658203125, "compression_ratio": 1.5862068965517242, "no_speech_prob": 0.02593476139008999}, {"id": 2, "seek": 2400, "start": 24.0, "end": 30.0, "text": " Mother's drying dishes.", "tokens": [50363, 10584, 338, 29621, 16759, 13, 50663], "temperature": 0.0, "avg_logprob": -0.31141790747642517, "compression_ratio": 0.7419354838709677, "no_speech_prob": 5.064312426839024e-05}], "language": "en", "label": 0}