{"text": " her finger up towards her mouth. Like she might be giggling. The mother is drying dishes but the water is overflowing onto the floor. The sink looks like it's almost tilted. Now we call the salt.", "segments": [{"id": 0, "seek": 0, "start": 0.0, "end": 9.16, "text": " her finger up towards her mouth. Like she might be giggling. The mother is drying dishes", "tokens": [607, 7660, 510, 3371, 607, 5422, 13, 4525, 673, 1244, 307, 30442, 1359, 13, 383, 2802, 318, 29621, 16759], "temperature": 0.0, "avg_logprob": -0.33833523230119184, "compression_ratio": 1.372093023255814, "no_speech_prob": 0.19692499935626984}, {"id": 1, "seek": 0, "start": 9.16, "end": 27.2, "text": " but the water is overflowing onto the floor. The sink looks like it's almost tilted. Now", "tokens": [475, 262, 1660, 318, 43347, 4291, 262, 4314, 13, 383, 14595, 3073, 588, 340, 338, 2048, 37229, 13, 2735], "temperature": 0.0, "avg_logprob": -0.33833523230119184, "compression_ratio": 1.372093023255814, "no_speech_prob": 0.19692499935626984}, {"id": 2, "seek": 2720, "start": 27.2, "end": 30.04, "text": " we call the salt.", "tokens": [50363, 356, 869, 262, 8268, 13, 50505], "temperature": 0.0, "avg_logprob": -0.6788491010665894, "compression_ratio": 0.68, "no_speech_prob": 1.6442294509033673e-05}], "language": "en", "label": 0}