{"text": " spilling over. There is a window over the sink which shows a yard, curtains. There are looks like two cups and a plate on the sink. There's a set of kitchen cabinets. The mother has on an apron and sees the stress.", "segments": [{"id": 0, "seek": 0, "start": 0.0, "end": 13.040000000000001, "text": " spilling over. There is a window over the sink which shows a yard, curtains. There", "tokens": [45085, 625, 13, 1318, 318, 257, 4324, 625, 262, 14595, 543, 2523, 257, 12699, 11, 41160, 13, 1318], "temperature": 0.0, "avg_logprob": -0.18487467084612166, "compression_ratio": 1.3805309734513274, "no_speech_prob": 0.009526523761451244}, {"id": 1, "seek": 0, "start": 13.040000000000001, "end": 23.96, "text": " are looks like two cups and a plate on the sink. There's a set of kitchen", "tokens": [389, 3073, 588, 734, 14180, 290, 257, 7480, 319, 262, 14595, 13, 1318, 338, 257, 900, 286, 9592], "temperature": 0.0, "avg_logprob": -0.18487467084612166, "compression_ratio": 1.3805309734513274, "no_speech_prob": 0.009526523761451244}, {"id": 2, "seek": 2396, "start": 23.96, "end": 31.560000000000002, "text": " cabinets. The mother has on an apron and sees the stress.", "tokens": [50363, 43064, 13, 383, 2802, 468, 319, 281, 257, 31186, 290, 7224, 262, 5503, 13, 50743], "temperature": 0.0, "avg_logprob": -0.3251955368939568, "compression_ratio": 0.9661016949152542, "no_speech_prob": 4.2892643250525e-06}], "language": "en", "label": 0}