{"text": " I'm going to tell you what's on the sink too, everything? Whatever you see happening. Oh, well that's all I see happening, plus something like that. Okay, good.", "segments": [{"id": 0, "seek": 0, "start": 0.0, "end": 4.0, "text": " I'm going to tell you what's on the sink too, everything?", "tokens": [314, 1101, 1016, 284, 1560, 345, 644, 338, 319, 262, 14595, 1165, 11, 2279, 30], "temperature": 0.0, "avg_logprob": -0.44572556018829346, "compression_ratio": 1.3445378151260505, "no_speech_prob": 0.32898402214050293}, {"id": 1, "seek": 0, "start": 4.0, "end": 6.0, "text": " Whatever you see happening.", "tokens": [15935, 345, 766, 5836, 13], "temperature": 0.0, "avg_logprob": -0.44572556018829346, "compression_ratio": 1.3445378151260505, "no_speech_prob": 0.32898402214050293}, {"id": 2, "seek": 0, "start": 6.0, "end": 11.0, "text": " Oh, well that's all I see happening, plus something like that.", "tokens": [3966, 11, 880, 326, 338, 477, 314, 766, 5836, 11, 5556, 1223, 588, 326, 13], "temperature": 0.0, "avg_logprob": -0.44572556018829346, "compression_ratio": 1.3445378151260505, "no_speech_prob": 0.32898402214050293}, {"id": 3, "seek": 1100, "start": 11.0, "end": 36.0, "text": " Okay, good.", "tokens": [50363, 16805, 11, 922, 13, 51613], "temperature": 0.0, "avg_logprob": -0.5908263070242745, "compression_ratio": 0.5789473684210527, "no_speech_prob": 0.0014658719301223755}], "language": "en", "label": 0}