{"text": " and then water. That's about all I'll say.", "segments": [{"id": 0, "seek": 0, "start": 0.0, "end": 1.0, "text": " and then water.", "tokens": [290, 788, 1660, 13], "temperature": 0.0, "avg_logprob": -0.8209126591682434, "compression_ratio": 0.8297872340425532, "no_speech_prob": 0.28787344694137573}, {"id": 1, "seek": 100, "start": 1.0, "end": 29.0, "text": " That's about all I'll say.", "tokens": [50363, 1320, 338, 546, 477, 314, 1183, 910, 13, 51763], "temperature": 0.0, "avg_logprob": -0.48941755294799805, "compression_ratio": 0.8125, "no_speech_prob": 0.002063833875581622}], "language": "en", "label": 0}