{"text": " the dishes at the sink and the sink is overflowing. She's drying a dish. I guess it's another part of the house. There's curtains on her windows.", "segments": [{"id": 0, "seek": 0, "start": 0.0, "end": 23.04, "text": " the dishes at the sink and the sink is overflowing. She's drying a dish. I guess it's another part of the house.", "tokens": [262, 16759, 379, 262, 14595, 290, 262, 14595, 318, 43347, 13, 1375, 338, 29621, 257, 9433, 13, 314, 4724, 340, 338, 1194, 636, 286, 262, 2156, 13], "temperature": 0.0, "avg_logprob": -0.4381753859981414, "compression_ratio": 1.2173913043478262, "no_speech_prob": 0.640135645866394}, {"id": 1, "seek": 2304, "start": 23.04, "end": 30.08, "text": " There's curtains on her windows.", "tokens": [50363, 1318, 338, 41160, 319, 607, 9168, 13, 50715], "temperature": 0.0, "avg_logprob": -0.8819038391113281, "compression_ratio": 0.8205128205128205, "no_speech_prob": 0.0001584025885676965}], "language": "en", "label": 0}