{"text": " She's drying a dish and she has two cups and a plate on the table. Well, I did say she was letting me get a water right with the pencil. She's drying a dish and she has two cups and a plate on the table.", "segments": [{"id": 0, "seek": 0, "start": 0.0, "end": 7.0, "text": " She's drying a dish and she has two cups and a plate on the table.", "tokens": [1375, 338, 29621, 257, 9433, 290, 673, 468, 734, 14180, 290, 257, 7480, 319, 262, 3084, 13], "temperature": 0.2, "avg_logprob": -0.6060815334320069, "compression_ratio": 1.2477064220183487, "no_speech_prob": 0.3744066655635834}, {"id": 1, "seek": 0, "start": 7.0, "end": 16.0, "text": " Well, I did say she was letting me get a water right with the pencil.", "tokens": [3894, 11, 314, 750, 910, 673, 373, 9616, 502, 651, 257, 1660, 826, 351, 262, 21613, 13], "temperature": 0.2, "avg_logprob": -0.6060815334320069, "compression_ratio": 1.2477064220183487, "no_speech_prob": 0.3744066655635834}, {"id": 2, "seek": 1600, "start": 16.0, "end": 30.0, "text": " She's drying a dish and she has two cups and a plate on the table.", "tokens": [50363, 1375, 338, 29621, 257, 9433, 290, 673, 468, 734, 14180, 290, 257, 7480, 319, 262, 3084, 13, 51063], "temperature": 0.0, "avg_logprob": -0.2651575803756714, "compression_ratio": 0.9705882352941176, "no_speech_prob": 4.069077112944797e-05}], "language": "en", "label": 0}