{"text": " any water and there's a nice window but I don't see anything much else going on.", "segments": [{"id": 0, "seek": 0, "start": 0.0, "end": 7.6000000000000005, "text": " any water and there's a nice window but I don't see anything much else going on.", "tokens": [50363, 597, 1660, 290, 612, 338, 257, 3621, 4324, 475, 314, 836, 470, 766, 1997, 881, 2073, 1016, 319, 13, 50743], "temperature": 0.0, "avg_logprob": -0.3679612333124334, "compression_ratio": 1.0526315789473684, "no_speech_prob": 0.07427340000867844}], "language": "en", "label": 0}