{"text": " Those are the only action things that I can see", "segments": [{"id": 0, "seek": 0, "start": 0.0, "end": 3.02, "text": " Those are the only action things that I can see", "tokens": [50363, 5845, 389, 262, 691, 2223, 1243, 326, 314, 460, 766, 50514], "temperature": 0.0, "avg_logprob": -0.14738236940824068, "compression_ratio": 0.9038461538461539, "no_speech_prob": 0.006422541104257107}], "language": "en", "label": 0}