{"text": " I see a woman who has zoned out. She's in a world of her own, obviously, she isn't aware of what's going on. Her son obviously is caught, maybe it's not her son. Maybe she's just the caretaker or the babysitter and maybe that would give her a reason for being a little disengaged.", "segments": [{"id": 0, "seek": 0, "start": 0.0, "end": 11.120000000000001, "text": " I see a woman who has zoned out. She's in a world of her own, obviously, she isn't aware", "tokens": [314, 766, 257, 2415, 508, 468, 1976, 12004, 503, 13, 1375, 338, 287, 257, 995, 286, 607, 898, 11, 6189, 11, 673, 2125, 470, 3910], "temperature": 0.0, "avg_logprob": -0.18164268493652344, "compression_ratio": 1.5227272727272727, "no_speech_prob": 0.028828611597418785}, {"id": 1, "seek": 0, "start": 11.120000000000001, "end": 24.64, "text": " of what's going on. Her son obviously is caught, maybe it's not her son. Maybe she's just the", "tokens": [286, 644, 338, 1016, 319, 13, 2332, 3367, 6189, 318, 4978, 11, 3863, 340, 338, 407, 607, 3367, 13, 6674, 673, 338, 655, 262], "temperature": 0.0, "avg_logprob": -0.18164268493652344, "compression_ratio": 1.5227272727272727, "no_speech_prob": 0.028828611597418785}, {"id": 2, "seek": 0, "start": 24.64, "end": 29.02, "text": " caretaker or the babysitter and maybe that would give her a reason for being a little", "tokens": [1337, 30157, 393, 262, 46711, 1967, 290, 3863, 326, 561, 1577, 607, 257, 1738, 329, 852, 257, 1310], "temperature": 0.0, "avg_logprob": -0.18164268493652344, "compression_ratio": 1.5227272727272727, "no_speech_prob": 0.028828611597418785}, {"id": 3, "seek": 2902, "start": 29.02, "end": 30.0, "text": " disengaged.", "tokens": [50363, 39402, 1886, 13, 50412], "temperature": 0.0, "avg_logprob": -0.21686681111653647, "compression_ratio": 0.5789473684210527, "no_speech_prob": 2.7693852189258905e-06}], "language": "en", "label": 0}