{"text": " Did you just want to action or just? No, I'm just kidding.", "segments": [{"id": 0, "seek": 0, "start": 0.0, "end": 16.0, "text": " Did you just want to action or just?", "tokens": [7731, 345, 655, 765, 284, 2223, 393, 655, 30], "temperature": 0.0, "avg_logprob": -0.7833463577997117, "compression_ratio": 0.9830508474576272, "no_speech_prob": 0.3389219045639038}, {"id": 1, "seek": 1600, "start": 16.0, "end": 31.0, "text": " No, I'm just kidding.", "tokens": [50363, 1400, 11, 314, 1101, 655, 26471, 13, 51113], "temperature": 0.0, "avg_logprob": -0.7336454391479492, "compression_ratio": 0.7241379310344828, "no_speech_prob": 0.000133405439555645}], "language": "en", "label": 0}