{"text": " The boy is stepping on one of his own toes. The little girl is telling him to be quiet. Don't let mommy see. That's about it.", "segments": [{"id": 0, "seek": 0, "start": 0.0, "end": 7.0, "text": " The boy is stepping on one of his own toes.", "tokens": [383, 2933, 318, 17413, 319, 530, 286, 465, 898, 23932, 13], "temperature": 0.0, "avg_logprob": -0.4544885272071475, "compression_ratio": 1.2135922330097086, "no_speech_prob": 0.3048366606235504}, {"id": 1, "seek": 0, "start": 7.0, "end": 14.0, "text": " The little girl is telling him to be quiet.", "tokens": [383, 1310, 2576, 318, 5149, 683, 284, 307, 5897, 13], "temperature": 0.0, "avg_logprob": -0.4544885272071475, "compression_ratio": 1.2135922330097086, "no_speech_prob": 0.3048366606235504}, {"id": 2, "seek": 0, "start": 14.0, "end": 17.0, "text": " Don't let mommy see.", "tokens": [2094, 470, 1309, 1995, 1820, 766, 13], "temperature": 0.0, "avg_logprob": -0.4544885272071475, "compression_ratio": 1.2135922330097086, "no_speech_prob": 0.3048366606235504}, {"id": 3, "seek": 1700, "start": 17.0, "end": 31.0, "text": " That's about it.", "tokens": [50363, 1320, 338, 546, 340, 13, 51063], "temperature": 0.0, "avg_logprob": -0.49025627970695496, "compression_ratio": 0.6666666666666666, "no_speech_prob": 0.0004954154719598591}], "language": "en", "label": 0}