{"text": " and everything else looks like it's fixed. The woman's wiping the dishes. There's three dishes sitting on the counter. The camera door's open of course or he couldn't get the cookies.", "segments": [{"id": 0, "seek": 0, "start": 0.0, "end": 7.0, "text": " and everything else looks like it's fixed.", "tokens": [290, 2279, 2073, 3073, 588, 340, 338, 5969, 13], "temperature": 0.0, "avg_logprob": -0.5588162740071615, "compression_ratio": 1.2421052631578948, "no_speech_prob": 0.008189546875655651}, {"id": 1, "seek": 0, "start": 16.4, "end": 21.400000000000002, "text": " The woman's wiping the dishes.", "tokens": [383, 2415, 338, 36906, 262, 16759, 13], "temperature": 0.0, "avg_logprob": -0.5588162740071615, "compression_ratio": 1.2421052631578948, "no_speech_prob": 0.008189546875655651}, {"id": 2, "seek": 0, "start": 21.400000000000002, "end": 25.560000000000002, "text": " There's three dishes sitting on the counter.", "tokens": [1318, 338, 1115, 16759, 5586, 319, 262, 3753, 13], "temperature": 0.0, "avg_logprob": -0.5588162740071615, "compression_ratio": 1.2421052631578948, "no_speech_prob": 0.008189546875655651}, {"id": 3, "seek": 2556, "start": 25.56, "end": 30.56, "text": " The camera door's open of course or he couldn't get the cookies.", "tokens": [50363, 383, 4676, 3420, 338, 1280, 286, 1781, 393, 339, 3521, 470, 651, 262, 14746, 13, 50613], "temperature": 0.0, "avg_logprob": -0.3752749496036106, "compression_ratio": 0.9846153846153847, "no_speech_prob": 5.014671387471026e-06}], "language": "en", "label": 0}