{"text": " She is not paying any attention to her kids and the boy in addition to stealing, he's trying to give the girl a cookie and the whole thing is going to collapse but aside from that they seem to be a fairly happy family.", "segments": [{"id": 0, "seek": 0, "start": 0.0, "end": 15.88, "text": " She is not paying any attention to her kids and the boy in addition to stealing, he's", "tokens": [1375, 318, 407, 5989, 597, 3241, 284, 607, 3988, 290, 262, 2933, 287, 3090, 284, 16568, 11, 339, 338], "temperature": 0.0, "avg_logprob": -0.24020991501984773, "compression_ratio": 1.5034482758620689, "no_speech_prob": 0.2172802835702896}, {"id": 1, "seek": 0, "start": 15.88, "end": 25.84, "text": " trying to give the girl a cookie and the whole thing is going to collapse but aside from", "tokens": [2111, 284, 1577, 262, 2576, 257, 19751, 290, 262, 2187, 1517, 318, 1016, 284, 9807, 475, 7263, 422], "temperature": 0.0, "avg_logprob": -0.24020991501984773, "compression_ratio": 1.5034482758620689, "no_speech_prob": 0.2172802835702896}, {"id": 2, "seek": 2584, "start": 25.84, "end": 29.12, "text": " that they seem to be a fairly happy family.", "tokens": [50363, 326, 484, 1283, 284, 307, 257, 6547, 3772, 1641, 13, 50527], "temperature": 0.0, "avg_logprob": -0.2711714231050931, "compression_ratio": 0.8775510204081632, "no_speech_prob": 1.8738626295089489e-06}], "language": "en", "label": 0}