{"text": " Two children are stealing cookies, one of whom is up on a stool that is about to fall. He's removing cookies from an upper shelf in a closet. The wind appears to be blowing because the curtains appear to be puffed.", "segments": [{"id": 0, "seek": 0, "start": 0.0, "end": 12.0, "text": " Two children are stealing cookies, one of whom is up on a stool that is about to fall.", "tokens": [4930, 1751, 389, 16568, 14746, 11, 530, 286, 4150, 318, 510, 319, 257, 38753, 326, 318, 546, 284, 2121, 13], "temperature": 0.0, "avg_logprob": -0.19921046716195565, "compression_ratio": 1.4557823129251701, "no_speech_prob": 0.15740308165550232}, {"id": 1, "seek": 0, "start": 12.0, "end": 17.0, "text": " He's removing cookies from an upper shelf in a closet.", "tokens": [679, 338, 10829, 14746, 422, 281, 6727, 18316, 287, 257, 21615, 13], "temperature": 0.0, "avg_logprob": -0.19921046716195565, "compression_ratio": 1.4557823129251701, "no_speech_prob": 0.15740308165550232}, {"id": 2, "seek": 1700, "start": 17.0, "end": 29.0, "text": " The wind appears to be blowing because the curtains appear to be puffed.", "tokens": [50363, 383, 2344, 3568, 284, 307, 19280, 780, 262, 41160, 1656, 284, 307, 279, 18339, 13, 50963], "temperature": 0.0, "avg_logprob": -0.08420351478788587, "compression_ratio": 1.0909090909090908, "no_speech_prob": 2.796749868139159e-05}], "language": "en", "label": 0}