{"text": " I'm going to show you a picture that has a lot of action going on. What I need you to do is tell me all of the action you see going on in the picture. Okay? And here's the picture. Show me all the action.", "segments": [{"id": 0, "seek": 0, "start": 0.0, "end": 5.0, "text": " I'm going to show you a picture that has a lot of action going on.", "tokens": [314, 1101, 1016, 284, 905, 345, 257, 4286, 326, 468, 257, 1256, 286, 2223, 1016, 319, 13], "temperature": 0.0, "avg_logprob": -0.25333645304695507, "compression_ratio": 1.5572519083969465, "no_speech_prob": 0.5710395574569702}, {"id": 1, "seek": 0, "start": 5.0, "end": 10.0, "text": " What I need you to do is tell me all of the action you see going on in the picture.", "tokens": [1867, 314, 761, 345, 284, 466, 318, 1560, 502, 477, 286, 262, 2223, 345, 766, 1016, 319, 287, 262, 4286, 13], "temperature": 0.0, "avg_logprob": -0.25333645304695507, "compression_ratio": 1.5572519083969465, "no_speech_prob": 0.5710395574569702}, {"id": 2, "seek": 0, "start": 10.0, "end": 13.0, "text": " Okay? And here's the picture.", "tokens": [16805, 30, 843, 994, 338, 262, 4286, 13], "temperature": 0.0, "avg_logprob": -0.25333645304695507, "compression_ratio": 1.5572519083969465, "no_speech_prob": 0.5710395574569702}, {"id": 3, "seek": 1300, "start": 13.0, "end": 30.0, "text": " Show me all the action.", "tokens": [50363, 5438, 502, 477, 262, 2223, 13, 51213], "temperature": 0.0, "avg_logprob": -0.44480106565687394, "compression_ratio": 0.7931034482758621, "no_speech_prob": 3.4806998883141205e-05}], "language": "en", "label": 0}