{"text": " a cup of the saucers that's not action right is it no you don't oh the breeze might be blowing the curtains look like you", "segments": [{"id": 0, "seek": 0, "start": 0.0, "end": 3.52, "text": " a cup of the saucers that's not action right is it no you don't", "tokens": [257, 6508, 286, 262, 473, 1229, 364, 326, 338, 407, 2223, 826, 318, 340, 645, 345, 836, 470], "temperature": 0.0, "avg_logprob": -0.49589122870029545, "compression_ratio": 1.3495145631067962, "no_speech_prob": 0.28309035301208496}, {"id": 1, "seek": 0, "start": 3.52, "end": 12.72, "text": " oh the breeze might be blowing the curtains look like", "tokens": [11752, 262, 28633, 1244, 307, 19280, 262, 41160, 804, 588], "temperature": 0.0, "avg_logprob": -0.49589122870029545, "compression_ratio": 1.3495145631067962, "no_speech_prob": 0.28309035301208496}, {"id": 2, "seek": 1272, "start": 12.72, "end": 25.04, "text": " you", "tokens": [50363, 345, 50979], "temperature": 1.0, "avg_logprob": -1.6117124557495117, "compression_ratio": 0.2727272727272727, "no_speech_prob": 3.590901178540662e-05}], "language": "en", "label": 0}