{"text": " want to find out more about that. Thank you again for coming. See you next next time.", "segments": [{"id": 0, "seek": 0, "start": 0.0, "end": 2.0, "text": " want to find out more about that.", "tokens": [765, 284, 1064, 503, 517, 546, 326, 13], "temperature": 1.0, "avg_logprob": -2.362523724955897, "compression_ratio": 1.0975609756097562, "no_speech_prob": 0.2755194902420044}, {"id": 1, "seek": 0, "start": 3.92, "end": 5.92, "text": " Thank you again for coming.", "tokens": [6952, 345, 757, 329, 2406, 13], "temperature": 1.0, "avg_logprob": -2.362523724955897, "compression_ratio": 1.0975609756097562, "no_speech_prob": 0.2755194902420044}, {"id": 2, "seek": 0, "start": 11.120000000000001, "end": 13.120000000000001, "text": " See you next next time.", "tokens": [4091, 345, 1306, 1306, 640, 13], "temperature": 1.0, "avg_logprob": -2.362523724955897, "compression_ratio": 1.0975609756097562, "no_speech_prob": 0.2755194902420044}], "language": "en", "label": 0}