{"text": " the boy falling off the stool. Okay, fine. I don't know if that snow is action. I don't see it snowing. It looks light out there. I don't know.", "segments": [{"id": 0, "seek": 0, "start": 0.0, "end": 4.0, "text": " the boy falling off the stool.", "tokens": [262, 2933, 7463, 572, 262, 38753, 13], "temperature": 0.0, "avg_logprob": -0.37326009883437045, "compression_ratio": 1.25, "no_speech_prob": 0.24837304651737213}, {"id": 1, "seek": 0, "start": 4.0, "end": 6.0, "text": " Okay, fine.", "tokens": [16805, 11, 3734, 13], "temperature": 0.0, "avg_logprob": -0.37326009883437045, "compression_ratio": 1.25, "no_speech_prob": 0.24837304651737213}, {"id": 2, "seek": 600, "start": 6.0, "end": 34.0, "text": " I don't know if that snow is action. I don't see it snowing. It looks light out there. I don't know.", "tokens": [50363, 314, 836, 470, 760, 611, 326, 6729, 318, 2223, 13, 314, 836, 470, 766, 340, 6729, 278, 13, 632, 3073, 1657, 503, 612, 13, 314, 836, 470, 760, 13, 51763], "temperature": 0.0, "avg_logprob": -0.26578488945961, "compression_ratio": 1.25, "no_speech_prob": 0.0015476192347705364}], "language": "en", "label": 0}