{"text": " It's like a beautiful day outside. Is there anything else I should say about this picture?", "segments": [{"id": 0, "seek": 0, "start": 0.0, "end": 4.0, "text": " It's like a beautiful day outside.", "tokens": [632, 338, 588, 257, 4950, 1110, 2354, 13], "temperature": 0.0, "avg_logprob": -0.30170077085494995, "compression_ratio": 1.0975609756097562, "no_speech_prob": 0.02627314254641533}, {"id": 1, "seek": 400, "start": 4.0, "end": 32.0, "text": " Is there anything else I should say about this picture?", "tokens": [50363, 1148, 612, 1997, 2073, 314, 815, 910, 546, 428, 4286, 30, 51763], "temperature": 0.0, "avg_logprob": -0.255766715322222, "compression_ratio": 0.8870967741935484, "no_speech_prob": 0.0005149837816134095}], "language": "en", "label": 0}