{"text": " I just want you to tell me everything that you see happening in that picture. Everything that's going on there. Um Cookie jar and he's stepping on us.", "segments": [{"id": 0, "seek": 0, "start": 0.0, "end": 4.24, "text": " I just want you to tell me everything that you see happening in that picture.", "tokens": [314, 655, 765, 345, 284, 1560, 502, 2279, 326, 345, 766, 5836, 287, 326, 4286, 13], "temperature": 0.0, "avg_logprob": -0.37020206451416016, "compression_ratio": 1.2906976744186047, "no_speech_prob": 0.009652260690927505}, {"id": 1, "seek": 0, "start": 5.04, "end": 6.96, "text": " Everything that's going on there.", "tokens": [11391, 326, 338, 1016, 319, 612, 13], "temperature": 0.0, "avg_logprob": -0.37020206451416016, "compression_ratio": 1.2906976744186047, "no_speech_prob": 0.009652260690927505}, {"id": 2, "seek": 696, "start": 6.96, "end": 14.48, "text": " Um", "tokens": [21039], "temperature": 0.0, "avg_logprob": -0.586988894144694, "compression_ratio": 0.8260869565217391, "no_speech_prob": 1.4284536518971436e-05}, {"id": 3, "seek": 1448, "start": 14.48, "end": 29.84, "text": " Cookie jar and he's stepping on us.", "tokens": [50363, 39606, 17379, 290, 339, 338, 17413, 319, 514, 13, 51131], "temperature": 0.0, "avg_logprob": -0.6017967462539673, "compression_ratio": 0.813953488372093, "no_speech_prob": 2.4298766220454127e-05}], "language": "en", "label": 1}