{"text": " Tell me. Just start out anywhere? Wherever you like. Little girl, falling stool, young lad that's gonna fall from the stool. His hands are touching the cooking jar and these cupboards. Which is the mother and the kitchen.", "segments": [{"id": 0, "seek": 0, "start": 0.0, "end": 15.68, "text": " Tell me. Just start out anywhere? Wherever you like. Little girl, falling stool, young lad that's", "tokens": [14026, 502, 13, 2329, 923, 503, 6609, 30, 6350, 332, 345, 588, 13, 7703, 2576, 11, 7463, 38753, 11, 1862, 9717, 326, 338], "temperature": 0.0, "avg_logprob": -0.25067615509033203, "compression_ratio": 1.300751879699248, "no_speech_prob": 0.11335521191358566}, {"id": 1, "seek": 0, "start": 15.68, "end": 23.16, "text": " gonna fall from the stool. His hands are touching the cooking jar and these", "tokens": [8066, 2121, 422, 262, 38753, 13, 2399, 2832, 389, 15241, 262, 10801, 17379, 290, 777], "temperature": 0.0, "avg_logprob": -0.25067615509033203, "compression_ratio": 1.300751879699248, "no_speech_prob": 0.11335521191358566}, {"id": 2, "seek": 2316, "start": 23.16, "end": 30.92, "text": " cupboards. Which is the mother and the kitchen.", "tokens": [50363, 6508, 12821, 13, 9022, 318, 262, 2802, 290, 262, 9592, 13, 50751], "temperature": 0.0, "avg_logprob": -0.4010089806147984, "compression_ratio": 0.94, "no_speech_prob": 3.943872798117809e-05}], "language": "en", "label": 1}