{"text": " Tell me all the action going on in that picture. Can you tell me the action that you see going on in that picture? I think it's just somebody's going to die in dishes.", "segments": [{"id": 0, "seek": 0, "start": 0.0, "end": 7.0, "text": " Tell me all the action going on in that picture.", "tokens": [14026, 502, 477, 262, 2223, 1016, 319, 287, 326, 4286, 13], "temperature": 0.0, "avg_logprob": -0.4063771367073059, "compression_ratio": 1.52, "no_speech_prob": 0.316399484872818}, {"id": 1, "seek": 0, "start": 19.400000000000002, "end": 24.400000000000002, "text": " Can you tell me the action that you see going on in that picture?", "tokens": [1680, 345, 1560, 502, 262, 2223, 326, 345, 766, 1016, 319, 287, 326, 4286, 30], "temperature": 0.0, "avg_logprob": -0.4063771367073059, "compression_ratio": 1.52, "no_speech_prob": 0.316399484872818}, {"id": 2, "seek": 2440, "start": 24.4, "end": 30.4, "text": " I think it's just somebody's going to die in dishes.", "tokens": [50363, 314, 892, 340, 338, 655, 8276, 338, 1016, 284, 4656, 287, 16759, 13, 50663], "temperature": 0.0, "avg_logprob": -0.7286059260368347, "compression_ratio": 0.9122807017543859, "no_speech_prob": 2.7108089852845296e-05}], "language": "en", "label": 1}