{"text": " The lady right here, she was washing dishes. This man here, he's trying to put food in that crocker jar. And this other lady here, she, no, he's taking it out of the crocker jar. He was taking it out, I see. And he's falling, he's taking out this crocker jar and he's trying to reach it to her, but he's falling. He's falling out.", "segments": [{"id": 0, "seek": 0, "start": 0.0, "end": 13.0, "text": " The lady right here, she was washing dishes. This man here, he's trying to put food in that crocker jar.", "tokens": [383, 10846, 826, 994, 11, 673, 373, 20518, 16759, 13, 770, 582, 994, 11, 339, 338, 2111, 284, 1234, 2057, 287, 326, 6763, 15280, 17379, 13], "temperature": 0.0, "avg_logprob": -0.3107649895452684, "compression_ratio": 1.544776119402985, "no_speech_prob": 0.4111780822277069}, {"id": 1, "seek": 0, "start": 13.0, "end": 19.0, "text": " And this other lady here, she, no, he's taking it out of the crocker jar. He was taking it out, I see.", "tokens": [843, 428, 584, 10846, 994, 11, 673, 11, 645, 11, 339, 338, 2263, 340, 503, 286, 262, 6763, 15280, 17379, 13, 679, 373, 2263, 340, 503, 11, 314, 766, 13], "temperature": 0.0, "avg_logprob": -0.3107649895452684, "compression_ratio": 1.544776119402985, "no_speech_prob": 0.4111780822277069}, {"id": 2, "seek": 1900, "start": 19.0, "end": 30.0, "text": " And he's falling, he's taking out this crocker jar and he's trying to reach it to her, but he's falling. He's falling out.", "tokens": [50363, 843, 339, 338, 7463, 11, 339, 338, 2263, 503, 428, 6763, 15280, 17379, 290, 339, 338, 2111, 284, 3151, 340, 284, 607, 11, 475, 339, 338, 7463, 13, 679, 338, 7463, 503, 13, 50913], "temperature": 0.0, "avg_logprob": -0.21394385231865776, "compression_ratio": 1.3555555555555556, "no_speech_prob": 6.108047818997875e-05}], "language": "en", "label": 1}