{"text": " Here's a cookie jar and the lid is off the cookie jar. The boy is about to come down on the floor.", "segments": [{"id": 0, "seek": 0, "start": 0.0, "end": 17.84, "text": " Here's a cookie jar and the lid is off the cookie jar.", "tokens": [3423, 338, 257, 19751, 17379, 290, 262, 19789, 318, 572, 262, 19751, 17379, 13], "temperature": 0.0, "avg_logprob": -0.36857814258999294, "compression_ratio": 1.08, "no_speech_prob": 0.35264351963996887}, {"id": 1, "seek": 1784, "start": 17.84, "end": 30.0, "text": " The boy is about to come down on the floor.", "tokens": [50363, 383, 2933, 318, 546, 284, 1282, 866, 319, 262, 4314, 13, 50971], "temperature": 0.0, "avg_logprob": -0.2838477577481951, "compression_ratio": 0.86, "no_speech_prob": 5.920276089455001e-05}], "language": "en", "label": 1}