{"text": " This is the picture. Just tell me what's happening in the picture. The boy is slipping off the stool. He's trying to steal cookies. One mother is working at the sink with the water running over. The little girl is saying sh**.", "segments": [{"id": 0, "seek": 0, "start": 0.0, "end": 6.0, "text": " This is the picture. Just tell me what's happening in the picture.", "tokens": [770, 318, 262, 4286, 13, 2329, 1560, 502, 644, 338, 5836, 287, 262, 4286, 13], "temperature": 0.0, "avg_logprob": -0.24600141188677618, "compression_ratio": 1.416058394160584, "no_speech_prob": 0.2996813952922821}, {"id": 1, "seek": 0, "start": 8.0, "end": 14.0, "text": " The boy is slipping off the stool. He's trying to steal cookies.", "tokens": [383, 2933, 318, 29612, 572, 262, 38753, 13, 679, 338, 2111, 284, 8711, 14746, 13], "temperature": 0.0, "avg_logprob": -0.24600141188677618, "compression_ratio": 1.416058394160584, "no_speech_prob": 0.2996813952922821}, {"id": 2, "seek": 0, "start": 16.0, "end": 20.0, "text": " One mother is working at the sink with the water running over.", "tokens": [1881, 2802, 318, 1762, 379, 262, 14595, 351, 262, 1660, 2491, 625, 13], "temperature": 0.0, "avg_logprob": -0.24600141188677618, "compression_ratio": 1.416058394160584, "no_speech_prob": 0.2996813952922821}, {"id": 3, "seek": 2000, "start": 20.0, "end": 30.0, "text": " The little girl is saying sh**.", "tokens": [50363, 383, 1310, 2576, 318, 2282, 427, 1174, 13, 50863], "temperature": 0.0, "avg_logprob": -0.5471916632218794, "compression_ratio": 0.7948717948717948, "no_speech_prob": 6.962181032577064e-06}], "language": "en", "label": 1}