{"text": " Here's the picture. All of the action. The mother is drying dishes and the snake is overthrowing the water on the mower. The boy is on his stool taking cookies out of a cookie jar and he is cooking.", "segments": [{"id": 0, "seek": 0, "start": 0.0, "end": 5.2, "text": " Here's the picture. All of the action.", "tokens": [3423, 338, 262, 4286, 13, 1439, 286, 262, 2223, 13], "temperature": 0.0, "avg_logprob": -0.6133035771987018, "compression_ratio": 1.188118811881188, "no_speech_prob": 0.08506378531455994}, {"id": 1, "seek": 0, "start": 6.08, "end": 17.68, "text": " The mother is drying dishes and the snake is overthrowing the water on the mower.", "tokens": [383, 2802, 318, 29621, 16759, 290, 262, 17522, 318, 34514, 11577, 262, 1660, 319, 262, 285, 789, 13], "temperature": 0.0, "avg_logprob": -0.6133035771987018, "compression_ratio": 1.188118811881188, "no_speech_prob": 0.08506378531455994}, {"id": 2, "seek": 1768, "start": 17.68, "end": 29.84, "text": " The boy is on his stool taking cookies out of a cookie jar and he is cooking.", "tokens": [50363, 383, 2933, 318, 319, 465, 38753, 2263, 14746, 503, 286, 257, 19751, 17379, 290, 339, 318, 10801, 13, 50971], "temperature": 0.0, "avg_logprob": -0.42186605362665086, "compression_ratio": 1.0845070422535212, "no_speech_prob": 1.5444782548001967e-05}], "language": "en", "label": 1}