{"text": " Now the girls washing dishes, the water is spilling over onto the floor. The boy is taking some cookies and his stool is falling out from under. The girl is stepping in the water.", "segments": [{"id": 0, "seek": 0, "start": 0.0, "end": 8.16, "text": " Now the girls washing dishes, the water is spilling over onto the floor.", "tokens": [2735, 262, 4813, 20518, 16759, 11, 262, 1660, 318, 45085, 625, 4291, 262, 4314, 13], "temperature": 0.0, "avg_logprob": -0.3876313368479411, "compression_ratio": 1.2972972972972974, "no_speech_prob": 0.6364772319793701}, {"id": 1, "seek": 0, "start": 8.16, "end": 21.92, "text": " The boy is taking some cookies and his stool is falling out from under.", "tokens": [383, 2933, 318, 2263, 617, 14746, 290, 465, 38753, 318, 7463, 503, 422, 739, 13], "temperature": 0.0, "avg_logprob": -0.3876313368479411, "compression_ratio": 1.2972972972972974, "no_speech_prob": 0.6364772319793701}, {"id": 2, "seek": 2192, "start": 21.92, "end": 30.0, "text": " The girl is stepping in the water.", "tokens": [50363, 383, 2576, 318, 17413, 287, 262, 1660, 13, 50767], "temperature": 0.0, "avg_logprob": -0.29238128662109375, "compression_ratio": 0.8292682926829268, "no_speech_prob": 6.20449281996116e-05}], "language": "en", "label": 1}