{"text": " Okay, I see a mom doing the dishes and the water's overflowing from the sink and she seems to be completely oblivious of it. The children in the picture, who I presume are hers, are climbing, one of the boys climbing on a, or standing on a stool that's about to fall over, putting his hand in the cookie jar on the top shelf and his sister or cousin or whoever the girl is, is reaching up for a cookie. The window is open, there's a pathway with garden on either side, it looks like. There's something else on the sink, I mean on the countertop, dishes. And that's, the mother has an apron on, she is dressed in the Mrs. Beaver style with a very, with an apron and a nice dress and shoes and so forth, and I don't understand why she's not turning the water off, but that's part of the deal. And there's curtains on the window and there's panes in the window, small panes.", "segments": [{"id": 0, "seek": 0, "start": 0.0, "end": 5.46, "text": " Okay, I see a mom doing the dishes and the water's overflowing from the sink and", "tokens": [16805, 11, 314, 766, 257, 1995, 1804, 262, 16759, 290, 262, 1660, 338, 43347, 422, 262, 14595, 290], "temperature": 0.0, "avg_logprob": -0.15537715539699648, "compression_ratio": 1.5742574257425743, "no_speech_prob": 0.001790037495084107}, {"id": 1, "seek": 0, "start": 5.46, "end": 14.280000000000001, "text": " she seems to be completely oblivious of it. The children in the picture, who I", "tokens": [673, 2331, 284, 307, 3190, 38603, 286, 340, 13, 383, 1751, 287, 262, 4286, 11, 508, 314], "temperature": 0.0, "avg_logprob": -0.15537715539699648, "compression_ratio": 1.5742574257425743, "no_speech_prob": 0.001790037495084107}, {"id": 2, "seek": 0, "start": 14.280000000000001, "end": 20.580000000000002, "text": " presume are hers, are climbing, one of the boys climbing on a, or standing on a", "tokens": [36059, 389, 25144, 11, 389, 14281, 11, 530, 286, 262, 6510, 14281, 319, 257, 11, 393, 5055, 319, 257], "temperature": 0.0, "avg_logprob": -0.15537715539699648, "compression_ratio": 1.5742574257425743, "no_speech_prob": 0.001790037495084107}, {"id": 3, "seek": 0, "start": 20.580000000000002, "end": 26.400000000000002, "text": " stool that's about to fall over, putting his hand in the cookie jar on the top", "tokens": [38753, 326, 338, 546, 284, 2121, 625, 11, 5137, 465, 1021, 287, 262, 19751, 17379, 319, 262, 1353], "temperature": 0.0, "avg_logprob": -0.15537715539699648, "compression_ratio": 1.5742574257425743, "no_speech_prob": 0.001790037495084107}, {"id": 4, "seek": 2640, "start": 26.4, "end": 32.44, "text": " shelf and his sister or cousin or whoever the girl is, is reaching up for", "tokens": [18316, 290, 465, 6621, 393, 16933, 393, 16958, 262, 2576, 318, 11, 318, 8978, 510, 329], "temperature": 0.0, "avg_logprob": -0.1500180865090991, "compression_ratio": 1.453416149068323, "no_speech_prob": 3.2886164262890816e-06}, {"id": 5, "seek": 2640, "start": 32.44, "end": 41.64, "text": " a cookie. The window is open, there's a pathway with garden on either side, it", "tokens": [257, 19751, 13, 383, 4324, 318, 1280, 11, 612, 338, 257, 21182, 351, 11376, 319, 2035, 1735, 11, 340], "temperature": 0.0, "avg_logprob": -0.1500180865090991, "compression_ratio": 1.453416149068323, "no_speech_prob": 3.2886164262890816e-06}, {"id": 6, "seek": 2640, "start": 41.64, "end": 49.879999999999995, "text": " looks like. There's something else on the sink, I mean on the countertop, dishes.", "tokens": [3073, 588, 13, 1318, 338, 1223, 2073, 319, 262, 14595, 11, 314, 1612, 319, 262, 3753, 4852, 11, 16759, 13], "temperature": 0.0, "avg_logprob": -0.1500180865090991, "compression_ratio": 1.453416149068323, "no_speech_prob": 3.2886164262890816e-06}, {"id": 7, "seek": 4988, "start": 49.88, "end": 58.96, "text": " And that's, the mother has an apron on, she is dressed in the Mrs. Beaver style", "tokens": [843, 326, 338, 11, 262, 2802, 468, 281, 257, 31186, 319, 11, 673, 318, 12049, 287, 262, 9074, 13, 42746, 3918], "temperature": 0.0, "avg_logprob": -0.1297743797302246, "compression_ratio": 1.6510416666666667, "no_speech_prob": 2.3184775272966363e-05}, {"id": 8, "seek": 4988, "start": 58.96, "end": 66.72, "text": " with a very, with an apron and a nice dress and shoes and so forth, and I don't", "tokens": [351, 257, 845, 11, 351, 281, 257, 31186, 290, 257, 3621, 6576, 290, 10012, 290, 523, 6071, 11, 290, 314, 836, 470], "temperature": 0.0, "avg_logprob": -0.1297743797302246, "compression_ratio": 1.6510416666666667, "no_speech_prob": 2.3184775272966363e-05}, {"id": 9, "seek": 4988, "start": 66.72, "end": 71.32000000000001, "text": " understand why she's not turning the water off, but that's part of the deal.", "tokens": [1833, 1521, 673, 338, 407, 6225, 262, 1660, 572, 11, 475, 326, 338, 636, 286, 262, 1730, 13], "temperature": 0.0, "avg_logprob": -0.1297743797302246, "compression_ratio": 1.6510416666666667, "no_speech_prob": 2.3184775272966363e-05}, {"id": 10, "seek": 7132, "start": 71.32, "end": 80.16, "text": " And there's curtains on the window and there's panes in the window, small panes.", "tokens": [50363, 843, 612, 338, 41160, 319, 262, 4324, 290, 612, 338, 3425, 274, 287, 262, 4324, 11, 1402, 3425, 274, 13, 50805], "temperature": 0.0, "avg_logprob": -0.19709388069484546, "compression_ratio": 1.2698412698412698, "no_speech_prob": 2.507003773644101e-05}], "language": "en", "label": 0}