{"text": " Okay, you can start now. The window appears to be open, but I can't make out any action in the background there. That's all. Okay, that's fun.", "segments": [{"id": 0, "seek": 0, "start": 0.0, "end": 2.0, "text": " Okay, you can start now.", "tokens": [50363, 16805, 11, 345, 460, 923, 783, 13, 50463], "temperature": 0.0, "avg_logprob": -0.4321485996246338, "compression_ratio": 0.75, "no_speech_prob": 0.1902213841676712}, {"id": 1, "seek": 3000, "start": 30.0, "end": 40.0, "text": " The window appears to be open, but I can't make out any action in the background there.", "tokens": [383, 4324, 3568, 284, 307, 1280, 11, 475, 314, 460, 470, 787, 503, 597, 2223, 287, 262, 4469, 612, 13], "temperature": 0.0, "avg_logprob": -0.20109902201472102, "compression_ratio": 1.1346153846153846, "no_speech_prob": 0.4754461348056793}, {"id": 2, "seek": 3000, "start": 40.0, "end": 44.0, "text": " That's all.", "tokens": [1320, 338, 477, 13], "temperature": 0.0, "avg_logprob": -0.20109902201472102, "compression_ratio": 1.1346153846153846, "no_speech_prob": 0.4754461348056793}, {"id": 3, "seek": 4400, "start": 44.0, "end": 64.0, "text": " Okay, that's fun.", "tokens": [50363, 16805, 11, 326, 338, 1257, 13, 51363], "temperature": 0.0, "avg_logprob": -0.4458457628885905, "compression_ratio": 0.68, "no_speech_prob": 0.00018812729103956372}], "language": "en", "label": 0}