{"text": " how to pass Scrapes down here and she's looking out to the window Looks like that boy is going to fall over pretty soon", "segments": [{"id": 0, "seek": 0, "start": 0.0, "end": 2.0, "text": " how to pass", "tokens": [703, 284, 1208], "temperature": 0.0, "avg_logprob": -0.32746092478434247, "compression_ratio": 1.1979166666666667, "no_speech_prob": 0.026548966765403748}, {"id": 1, "seek": 0, "start": 2.6, "end": 7.6000000000000005, "text": " Scrapes down here and she's looking out to the window", "tokens": [1446, 2416, 274, 866, 994, 290, 673, 338, 2045, 503, 284, 262, 4324], "temperature": 0.0, "avg_logprob": -0.32746092478434247, "compression_ratio": 1.1979166666666667, "no_speech_prob": 0.026548966765403748}, {"id": 2, "seek": 760, "start": 7.6, "end": 23.6, "text": " Looks like that boy is going to fall over pretty soon", "tokens": [50363, 29403, 588, 326, 2933, 318, 1016, 284, 2121, 625, 2495, 2582, 51163], "temperature": 0.0, "avg_logprob": -0.4313109942844936, "compression_ratio": 0.9298245614035088, "no_speech_prob": 5.594187769020209e-06}], "language": "en", "label": 1}