{"text": " could I say the cabinet doors where the kids are have no handles on? Oh, there's got to be a dozen other things.", "segments": [{"id": 0, "seek": 0, "start": 0.0, "end": 21.84, "text": " could I say the cabinet doors where the kids are have no handles on?", "tokens": [714, 314, 910, 262, 13447, 8215, 810, 262, 3988, 389, 423, 645, 17105, 319, 30], "temperature": 0.4, "avg_logprob": -0.7428512071308336, "compression_ratio": 0.9855072463768116, "no_speech_prob": 0.2952072322368622}, {"id": 1, "seek": 2184, "start": 21.84, "end": 30.04, "text": " Oh, there's got to be a dozen other things.", "tokens": [50363, 3966, 11, 612, 338, 1392, 284, 307, 257, 8667, 584, 1243, 13, 50773], "temperature": 0.0, "avg_logprob": -0.5904934565226237, "compression_ratio": 0.9148936170212766, "no_speech_prob": 0.000345854350598529}], "language": "en", "label": 1}