{"text": " And sinks falling up. Sinks running over. And two cups of salsa on a sink.", "segments": [{"id": 0, "seek": 0, "start": 0.0, "end": 2.0, "text": " And sinks falling up.", "tokens": [843, 38614, 7463, 510, 13], "temperature": 0.0, "avg_logprob": -0.6000041228074294, "compression_ratio": 1.0410958904109588, "no_speech_prob": 0.006640161853283644}, {"id": 1, "seek": 0, "start": 12.48, "end": 14.48, "text": " Sinks running over.", "tokens": [311, 2973, 2491, 625, 13], "temperature": 0.0, "avg_logprob": -0.6000041228074294, "compression_ratio": 1.0410958904109588, "no_speech_prob": 0.006640161853283644}, {"id": 2, "seek": 1448, "start": 14.48, "end": 26.48, "text": " And two cups of salsa on a sink.", "tokens": [50363, 843, 734, 14180, 286, 49529, 319, 257, 14595, 13, 50963], "temperature": 0.0, "avg_logprob": -0.5369961659113566, "compression_ratio": 0.8, "no_speech_prob": 4.860319222643739e-06}], "language": "en", "label": 1}