{"text": " She seems to be looking out the window at the long. Anything else? far.", "segments": [{"id": 0, "seek": 0, "start": 0.0, "end": 18.2, "text": " She seems to be looking out the window at the long.", "tokens": [1375, 2331, 284, 307, 2045, 503, 262, 4324, 379, 262, 890, 13], "temperature": 0.0, "avg_logprob": -0.5353395371210008, "compression_ratio": 1.0, "no_speech_prob": 0.10339058190584183}, {"id": 1, "seek": 0, "start": 18.2, "end": 22.2, "text": " Anything else?", "tokens": [21035, 2073, 30], "temperature": 0.0, "avg_logprob": -0.5353395371210008, "compression_ratio": 1.0, "no_speech_prob": 0.10339058190584183}, {"id": 2, "seek": 2220, "start": 22.2, "end": 33.2, "text": " far.", "tokens": [50363, 1290, 13, 50913], "temperature": 1.0, "avg_logprob": -3.531982421875, "compression_ratio": 0.3333333333333333, "no_speech_prob": 0.00021819176618009806}], "language": "en", "label": 1}