{"text": " And there's the picture. All the action that you can see. The little boy climbing up in some cookies at the cookie jar. And it lets sister reach in for some. And the little boy stands on a ladder.", "segments": [{"id": 0, "seek": 0, "start": 0.0, "end": 4.0, "text": " And there's the picture. All the action that you can see.", "tokens": [843, 612, 338, 262, 4286, 13, 1439, 262, 2223, 326, 345, 460, 766, 13], "temperature": 0.0, "avg_logprob": -0.3480195292720088, "compression_ratio": 1.4666666666666666, "no_speech_prob": 0.013251465745270252}, {"id": 1, "seek": 0, "start": 14.0, "end": 18.0, "text": " The little boy climbing up in some cookies at the cookie jar.", "tokens": [383, 1310, 2933, 14281, 510, 287, 617, 14746, 379, 262, 19751, 17379, 13], "temperature": 0.0, "avg_logprob": -0.3480195292720088, "compression_ratio": 1.4666666666666666, "no_speech_prob": 0.013251465745270252}, {"id": 2, "seek": 0, "start": 20.0, "end": 22.0, "text": " And it lets sister reach in for some.", "tokens": [843, 340, 8781, 6621, 3151, 287, 329, 617, 13], "temperature": 0.0, "avg_logprob": -0.3480195292720088, "compression_ratio": 1.4666666666666666, "no_speech_prob": 0.013251465745270252}, {"id": 3, "seek": 2200, "start": 22.0, "end": 28.0, "text": " And the little boy stands on a ladder.", "tokens": [50363, 843, 262, 1310, 2933, 6296, 319, 257, 18002, 13, 50663], "temperature": 0.0, "avg_logprob": -0.4114773670832316, "compression_ratio": 0.8260869565217391, "no_speech_prob": 7.966886187205091e-05}], "language": "en", "label": 1}