{"text": " Okay. Thank you.", "segments": [{"id": 0, "seek": 0, "start": 0.0, "end": 12.0, "text": " Okay.", "tokens": [16805, 13], "temperature": 0.0, "avg_logprob": -0.8671518961588541, "compression_ratio": 0.38461538461538464, "no_speech_prob": 0.43164753913879395}, {"id": 1, "seek": 1200, "start": 12.0, "end": 36.0, "text": " Thank you.", "tokens": [50363, 6952, 345, 13, 51563], "temperature": 0.0, "avg_logprob": -0.7838403383890787, "compression_ratio": 0.5555555555555556, "no_speech_prob": 0.0007912117289379239}], "language": "en", "label": 1}