{"text": " And the mother is, this water is running over, she doesn't seem to be aware of it too much. His chair is slipping out from, the stool is slipping out from under him.", "segments": [{"id": 0, "seek": 0, "start": 0.0, "end": 21.92, "text": " And the mother is, this water is running over, she doesn't seem to be aware of it too much.", "tokens": [843, 262, 2802, 318, 11, 428, 1660, 318, 2491, 625, 11, 673, 1595, 470, 1283, 284, 307, 3910, 286, 340, 1165, 881, 13], "temperature": 0.0, "avg_logprob": -0.37892433449074076, "compression_ratio": 1.123456790123457, "no_speech_prob": 0.07529862225055695}, {"id": 1, "seek": 2192, "start": 21.92, "end": 30.480000000000004, "text": " His chair is slipping out from, the stool is slipping out from under him.", "tokens": [50363, 2399, 5118, 318, 29612, 503, 422, 11, 262, 38753, 318, 29612, 503, 422, 739, 683, 13, 50791], "temperature": 0.0, "avg_logprob": -0.3303724339133815, "compression_ratio": 1.1967213114754098, "no_speech_prob": 1.5205984709609766e-05}], "language": "en", "label": 1}