{"text": " What about over in this side? Do you see anything else going on over there? Oh yeah, the water's running over on the floor. Okay. She has water on her.", "segments": [{"id": 0, "seek": 0, "start": 0.0, "end": 6.0, "text": " What about over in this side? Do you see anything else going on over there?", "tokens": [1867, 546, 625, 287, 428, 1735, 30, 2141, 345, 766, 1997, 2073, 1016, 319, 625, 612, 30], "temperature": 0.0, "avg_logprob": -0.3025956153869629, "compression_ratio": 1.3017241379310345, "no_speech_prob": 0.17474348843097687}, {"id": 1, "seek": 0, "start": 6.0, "end": 9.0, "text": " Oh yeah, the water's running over on the floor.", "tokens": [3966, 10194, 11, 262, 1660, 338, 2491, 625, 319, 262, 4314, 13], "temperature": 0.0, "avg_logprob": -0.3025956153869629, "compression_ratio": 1.3017241379310345, "no_speech_prob": 0.17474348843097687}, {"id": 2, "seek": 0, "start": 9.0, "end": 10.0, "text": " Okay.", "tokens": [16805, 13], "temperature": 0.0, "avg_logprob": -0.3025956153869629, "compression_ratio": 1.3017241379310345, "no_speech_prob": 0.17474348843097687}, {"id": 3, "seek": 1000, "start": 10.0, "end": 30.0, "text": " She has water on her.", "tokens": [50363, 1375, 468, 1660, 319, 607, 13, 51363], "temperature": 0.0, "avg_logprob": -0.429163482454088, "compression_ratio": 0.7241379310344828, "no_speech_prob": 0.00033792993053793907}], "language": "en", "label": 1}