{"text": " Well he's on the stool, but it's He's going overboard And the water is running out of the sink and let's see", "segments": [{"id": 0, "seek": 0, "start": 0.0, "end": 3.08, "text": " Well he's on the stool, but it's", "tokens": [3894, 339, 338, 319, 262, 38753, 11, 475, 340, 338], "temperature": 0.0, "avg_logprob": -0.42354607582092285, "compression_ratio": 1.119047619047619, "no_speech_prob": 0.02375110052525997}, {"id": 1, "seek": 0, "start": 4.44, "end": 6.44, "text": " He's going overboard", "tokens": [679, 338, 1016, 49265], "temperature": 0.0, "avg_logprob": -0.42354607582092285, "compression_ratio": 1.119047619047619, "no_speech_prob": 0.02375110052525997}, {"id": 2, "seek": 0, "start": 7.5600000000000005, "end": 11.08, "text": " And the water is running out of the", "tokens": [843, 262, 1660, 318, 2491, 503, 286, 262], "temperature": 0.0, "avg_logprob": -0.42354607582092285, "compression_ratio": 1.119047619047619, "no_speech_prob": 0.02375110052525997}, {"id": 3, "seek": 1108, "start": 11.08, "end": 30.759999999999998, "text": " sink and let's see", "tokens": [50363, 14595, 290, 1309, 338, 766, 51347], "temperature": 0.0, "avg_logprob": -0.9084211587905884, "compression_ratio": 0.6923076923076923, "no_speech_prob": 1.7230688172276132e-05}], "language": "en", "label": 1}