{"text": " and so is the water in the sink is overflowing in the sink. Okay, anything else? I don't know about this hickey here, whether that's more than what I said. The mother is near the girl and she has a...", "segments": [{"id": 0, "seek": 0, "start": 0.0, "end": 7.0, "text": " and so is the water in the sink is overflowing in the sink.", "tokens": [290, 523, 318, 262, 1660, 287, 262, 14595, 318, 43347, 287, 262, 14595, 13], "temperature": 0.0, "avg_logprob": -0.32660598340241803, "compression_ratio": 1.3135593220338984, "no_speech_prob": 0.3837890625}, {"id": 1, "seek": 0, "start": 7.0, "end": 10.0, "text": " Okay, anything else?", "tokens": [16805, 11, 1997, 2073, 30], "temperature": 0.0, "avg_logprob": -0.32660598340241803, "compression_ratio": 1.3135593220338984, "no_speech_prob": 0.3837890625}, {"id": 2, "seek": 0, "start": 10.0, "end": 16.0, "text": " I don't know about this hickey here, whether that's more than what I said.", "tokens": [314, 836, 470, 760, 546, 428, 289, 40389, 994, 11, 1771, 326, 338, 517, 621, 644, 314, 531, 13], "temperature": 0.0, "avg_logprob": -0.32660598340241803, "compression_ratio": 1.3135593220338984, "no_speech_prob": 0.3837890625}, {"id": 3, "seek": 1600, "start": 16.0, "end": 30.0, "text": " The mother is near the girl and she has a...", "tokens": [50363, 383, 2802, 318, 1474, 262, 2576, 290, 673, 468, 257, 986, 51063], "temperature": 0.0, "avg_logprob": -0.3309220927102225, "compression_ratio": 0.8979591836734694, "no_speech_prob": 0.0001355104468530044}], "language": "en", "label": 1}