{"text": " Um, taking some cookies and falling over. And, uh, mother's drawing dishes.", "segments": [{"id": 0, "seek": 0, "start": 0.0, "end": 23.72, "text": " Um, taking some cookies and falling over.", "tokens": [21039, 11, 2263, 617, 14746, 290, 7463, 625, 13], "temperature": 0.0, "avg_logprob": -0.6068137609041654, "compression_ratio": 0.8723404255319149, "no_speech_prob": 0.09454286843538284}, {"id": 1, "seek": 2372, "start": 23.72, "end": 30.04, "text": " And, uh, mother's drawing dishes.", "tokens": [50363, 843, 11, 21480, 11, 2802, 338, 8263, 16759, 13, 50679], "temperature": 0.0, "avg_logprob": -0.7609765529632568, "compression_ratio": 0.8048780487804879, "no_speech_prob": 8.886665455065668e-05}], "language": "en", "label": 1}