{"text": " mother is filling the water and the about it", "segments": [{"id": 0, "seek": 0, "start": 0.0, "end": 11.68, "text": " mother is filling the water and the", "tokens": [2802, 318, 12591, 262, 1660, 290, 262], "temperature": 0.0, "avg_logprob": -0.8559484481811523, "compression_ratio": 0.9636363636363636, "no_speech_prob": 0.03010483644902706}, {"id": 1, "seek": 1168, "start": 11.68, "end": 27.14, "text": " about it", "tokens": [546, 340], "temperature": 1.0, "avg_logprob": -2.574724038441976, "compression_ratio": 0.5, "no_speech_prob": 7.196160731837153e-05}], "language": "en", "label": 1}