{"text": " What are you doing? I want you to look at that picture and tell me everything that you see happening in the picture. What's happening there?", "segments": [{"id": 0, "seek": 0, "start": 0.0, "end": 2.0, "text": " What are you doing?", "tokens": [1867, 389, 345, 1804, 30], "temperature": 0.0, "avg_logprob": -0.2197920051780907, "compression_ratio": 1.3333333333333333, "no_speech_prob": 0.06788471341133118}, {"id": 1, "seek": 0, "start": 2.0, "end": 7.0, "text": " I want you to look at that picture and tell me everything that you see happening in the picture.", "tokens": [314, 765, 345, 284, 804, 379, 326, 4286, 290, 1560, 502, 2279, 326, 345, 766, 5836, 287, 262, 4286, 13], "temperature": 0.0, "avg_logprob": -0.2197920051780907, "compression_ratio": 1.3333333333333333, "no_speech_prob": 0.06788471341133118}, {"id": 2, "seek": 700, "start": 7.0, "end": 30.0, "text": " What's happening there?", "tokens": [50363, 1867, 338, 5836, 612, 30, 51513], "temperature": 0.0, "avg_logprob": -0.17029476165771484, "compression_ratio": 0.7419354838709677, "no_speech_prob": 8.480459655402228e-05}], "language": "en", "label": 1}