{"text": " Over in the window you see through the kitchen window, all the styles are not in the glass. The window is not in the glass, all the styles are not in the glass.", "segments": [{"id": 0, "seek": 0, "start": 0.0, "end": 28.0, "text": " Over in the window you see through the kitchen window, all the styles are not in the glass.", "tokens": [3827, 287, 262, 4324, 345, 766, 832, 262, 9592, 4324, 11, 477, 262, 12186, 389, 407, 287, 262, 5405, 13], "temperature": 0.0, "avg_logprob": -0.41823073228200275, "compression_ratio": 1.1666666666666667, "no_speech_prob": 0.22538752853870392}, {"id": 1, "seek": 2800, "start": 28.0, "end": 50.0, "text": " The window is not in the glass, all the styles are not in the glass.", "tokens": [383, 4324, 318, 407, 287, 262, 5405, 11, 477, 262, 12186, 389, 407, 287, 262, 5405, 13], "temperature": 0.4, "avg_logprob": -0.867834000360398, "compression_ratio": 1.2142857142857142, "no_speech_prob": 0.00201878952793777}], "language": "en", "label": 1}