{"text": " Tell me if you see anything else going on here. What else is going on in that picture? Well, the mother is taking care of this. And like I said, they're grabbing the cookie jar.", "segments": [{"id": 0, "seek": 0, "start": 0.0, "end": 7.76, "text": " Tell me if you see anything else going on here.", "tokens": [14026, 502, 611, 345, 766, 1997, 2073, 1016, 319, 994, 13], "temperature": 0.0, "avg_logprob": -0.3422803376850329, "compression_ratio": 1.2828282828282829, "no_speech_prob": 0.18246260285377502}, {"id": 1, "seek": 0, "start": 7.76, "end": 12.0, "text": " What else is going on in that picture?", "tokens": [1867, 2073, 318, 1016, 319, 287, 326, 4286, 30], "temperature": 0.0, "avg_logprob": -0.3422803376850329, "compression_ratio": 1.2828282828282829, "no_speech_prob": 0.18246260285377502}, {"id": 2, "seek": 0, "start": 12.0, "end": 21.16, "text": " Well, the mother is taking care of this.", "tokens": [3894, 11, 262, 2802, 318, 2263, 1337, 286, 428, 13], "temperature": 0.0, "avg_logprob": -0.3422803376850329, "compression_ratio": 1.2828282828282829, "no_speech_prob": 0.18246260285377502}, {"id": 3, "seek": 2116, "start": 21.16, "end": 30.0, "text": " And like I said, they're grabbing the cookie jar.", "tokens": [50363, 843, 588, 314, 531, 11, 484, 821, 23256, 262, 19751, 17379, 13, 50805], "temperature": 0.0, "avg_logprob": -0.30950711568196615, "compression_ratio": 0.8909090909090909, "no_speech_prob": 4.539600922726095e-05}], "language": "en", "label": 1}