{"text": " Looks like somebody's laying out in the grass. Doesn't it? And the kid in the cookie jar in a tilted stool. What more do you want? Water rolling on the floor?", "segments": [{"id": 0, "seek": 0, "start": 0.0, "end": 4.0, "text": " Looks like somebody's laying out in the grass.", "tokens": [29403, 588, 8276, 338, 16299, 503, 287, 262, 8701, 13], "temperature": 0.0, "avg_logprob": -0.3200721740722656, "compression_ratio": 1.2950819672131149, "no_speech_prob": 0.06342874467372894}, {"id": 1, "seek": 0, "start": 4.0, "end": 8.0, "text": " Doesn't it?", "tokens": [28048, 470, 340, 30], "temperature": 0.0, "avg_logprob": -0.3200721740722656, "compression_ratio": 1.2950819672131149, "no_speech_prob": 0.06342874467372894}, {"id": 2, "seek": 0, "start": 8.0, "end": 12.0, "text": " And the kid in the cookie jar in a tilted stool.", "tokens": [843, 262, 5141, 287, 262, 19751, 17379, 287, 257, 37229, 38753, 13], "temperature": 0.0, "avg_logprob": -0.3200721740722656, "compression_ratio": 1.2950819672131149, "no_speech_prob": 0.06342874467372894}, {"id": 3, "seek": 1200, "start": 12.0, "end": 32.0, "text": " What more do you want? Water rolling on the floor?", "tokens": [50363, 1867, 517, 466, 345, 765, 30, 5638, 10708, 319, 262, 4314, 30, 51363], "temperature": 0.0, "avg_logprob": -0.27068071365356444, "compression_ratio": 0.8771929824561403, "no_speech_prob": 0.0001344539487035945}], "language": "en", "label": 1}