{"text": " Okay! good!", "segments": [{"id": 0, "seek": 0, "start": 0.0, "end": 22.7, "text": " Okay! good!", "tokens": [16805, 0, 922, 0], "temperature": 1.0, "avg_logprob": -2.1874749660491943, "compression_ratio": 0.5789473684210527, "no_speech_prob": 0.10865791141986847}], "language": "en", "label": 1}