{"text": " I think she's running water. Can you tell me anything else that's going on over there?...", "segments": [{"id": 0, "seek": 0, "start": 0.0, "end": 8.96, "text": " I think she's running water.", "tokens": [314, 892, 673, 338, 2491, 1660, 13], "temperature": 0.0, "avg_logprob": -0.4283443964444674, "compression_ratio": 1.0617283950617284, "no_speech_prob": 0.11507642269134521}, {"id": 1, "seek": 0, "start": 18.88, "end": 21.68, "text": " Can you tell me anything else that's going on over there?", "tokens": [1680, 345, 1560, 502, 1997, 2073, 326, 338, 1016, 319, 625, 612, 30], "temperature": 0.0, "avg_logprob": -0.4283443964444674, "compression_ratio": 1.0617283950617284, "no_speech_prob": 0.11507642269134521}, {"id": 2, "seek": 2168, "start": 21.68, "end": 25.68, "text": "...", "tokens": [50363, 2644, 50563], "temperature": 1.0, "avg_logprob": -2.051727056503296, "compression_ratio": 0.2727272727272727, "no_speech_prob": 4.6378363549592905e-06}], "language": "en", "label": 1}