{"text": " Just cut the plate on the sink.", "segments": [{"id": 0, "seek": 0, "start": 0.0, "end": 13.36, "text": " Just cut the plate on the sink.", "tokens": [50363, 2329, 2005, 262, 7480, 319, 262, 14595, 13, 51031], "temperature": 0.0, "avg_logprob": -0.6316679607738148, "compression_ratio": 0.8857142857142857, "no_speech_prob": 0.1254144161939621}], "language": "en", "label": 1}