{"text": " Okay.", "segments": [{"id": 0, "seek": 0, "start": 0.0, "end": 11.44, "text": " Okay.", "tokens": [50363, 16805, 13, 50935], "temperature": 0.0, "avg_logprob": -0.9178951263427735, "compression_ratio": 0.38461538461538464, "no_speech_prob": 0.17398062348365784}], "language": "en", "label": 1}