{"text": " and the youngsters are getting the jam and in the meantime he's tilting his chair.", "segments": [{"id": 0, "seek": 0, "start": 0.0, "end": 22.0, "text": " and the youngsters are getting the jam and in the meantime he's tilting his chair.", "tokens": [50363, 290, 262, 33167, 389, 1972, 262, 16853, 290, 287, 262, 14324, 339, 338, 21502, 889, 465, 5118, 13, 51463], "temperature": 0.0, "avg_logprob": -0.5087198984055292, "compression_ratio": 1.1388888888888888, "no_speech_prob": 0.07373765856027603}], "language": "en", "label": 1}