{"text": " cookie jar up in the cookie jar and there's a little girl with him and that's the yeah the the bench or what do you call it is looks like it's going to fall and that's about all I can see and there's I guess this", "segments": [{"id": 0, "seek": 0, "start": 0.0, "end": 6.2, "text": " cookie jar up in the cookie jar and there's a little girl with him and", "tokens": [19751, 17379, 510, 287, 262, 19751, 17379, 290, 612, 338, 257, 1310, 2576, 351, 683, 290], "temperature": 0.0, "avg_logprob": -0.29054707572573707, "compression_ratio": 1.3981481481481481, "no_speech_prob": 0.18768982589244843}, {"id": 1, "seek": 0, "start": 6.2, "end": 17.64, "text": " that's the yeah the the bench or what do you call it is looks like it's going to", "tokens": [326, 338, 262, 10194, 262, 262, 7624, 393, 644, 466, 345, 869, 340, 318, 3073, 588, 340, 338, 1016, 284], "temperature": 0.0, "avg_logprob": -0.29054707572573707, "compression_ratio": 1.3981481481481481, "no_speech_prob": 0.18768982589244843}, {"id": 2, "seek": 1764, "start": 17.64, "end": 31.520000000000003, "text": " fall and that's about all I can see and there's I guess this", "tokens": [50363, 2121, 290, 326, 338, 546, 477, 314, 460, 766, 290, 612, 338, 314, 4724, 428, 51057], "temperature": 0.0, "avg_logprob": -0.2511040899488661, "compression_ratio": 1.0344827586206897, "no_speech_prob": 3.4265409340150654e-05}], "language": "en", "label": 1}