{"text": " What's happening in that picture? What's happening there? I think it's very real. I think it's very real.", "segments": [{"id": 0, "seek": 0, "start": 0.0, "end": 2.0, "text": " What's happening in that picture?", "tokens": [1867, 338, 5836, 287, 326, 4286, 30], "temperature": 0.0, "avg_logprob": -0.24072666168212892, "compression_ratio": 1.25, "no_speech_prob": 0.039861567318439484}, {"id": 1, "seek": 0, "start": 7.72, "end": 9.72, "text": " What's happening there?", "tokens": [1867, 338, 5836, 612, 30], "temperature": 0.0, "avg_logprob": -0.24072666168212892, "compression_ratio": 1.25, "no_speech_prob": 0.039861567318439484}, {"id": 2, "seek": 972, "start": 9.72, "end": 11.72, "text": " I think it's very real.", "tokens": [314, 892, 340, 338, 845, 1103, 13], "temperature": 0.0, "avg_logprob": -0.6814739969041612, "compression_ratio": 0.8518518518518519, "no_speech_prob": 3.726602017195546e-06}, {"id": 3, "seek": 1172, "start": 11.72, "end": 27.72, "text": " I think it's very real.", "tokens": [50363, 314, 892, 340, 338, 845, 1103, 13, 51163], "temperature": 0.0, "avg_logprob": -0.41101889610290526, "compression_ratio": 0.7419354838709677, "no_speech_prob": 1.0289098099747207e-05}], "language": "en", "label": 1}