{"text": " on the counter and she's washing holding a plate in her hand. Curtains at the windows. Cookie jar has the lid off. That's about it. Cupboards underneath the sink. Cupboards underneath the other cupboards. Kids rolling off.", "segments": [{"id": 0, "seek": 0, "start": 0.0, "end": 7.5600000000000005, "text": " on the counter and she's washing holding a plate in her hand.", "tokens": [319, 262, 3753, 290, 673, 338, 20518, 4769, 257, 7480, 287, 607, 1021, 13], "temperature": 0.0, "avg_logprob": -0.4492848007767289, "compression_ratio": 1.5572519083969465, "no_speech_prob": 0.25669190287590027}, {"id": 1, "seek": 0, "start": 8.16, "end": 16.2, "text": " Curtains at the windows. Cookie jar has the lid off.", "tokens": [19569, 1299, 379, 262, 9168, 13, 39606, 17379, 468, 262, 19789, 572, 13], "temperature": 0.0, "avg_logprob": -0.4492848007767289, "compression_ratio": 1.5572519083969465, "no_speech_prob": 0.25669190287590027}, {"id": 2, "seek": 0, "start": 19.88, "end": 28.400000000000002, "text": " That's about it. Cupboards underneath the sink. Cupboards underneath the other cupboards.", "tokens": [1320, 338, 546, 340, 13, 5454, 12821, 14638, 262, 14595, 13, 5454, 12821, 14638, 262, 584, 6508, 12821, 13], "temperature": 0.0, "avg_logprob": -0.4492848007767289, "compression_ratio": 1.5572519083969465, "no_speech_prob": 0.25669190287590027}, {"id": 3, "seek": 2840, "start": 28.4, "end": 31.919999999999998, "text": " Kids rolling off.", "tokens": [50363, 17476, 10708, 572, 13, 50539], "temperature": 0.0, "avg_logprob": -0.5381115845271519, "compression_ratio": 0.68, "no_speech_prob": 1.2606826203409582e-05}], "language": "en", "label": 1}