{"text": " No, I don't. That's awfully hard for me to distinguish.", "segments": [{"id": 0, "seek": 0, "start": 0.0, "end": 4.76, "text": " No, I don't.", "tokens": [1400, 11, 314, 836, 470, 13], "temperature": 0.0, "avg_logprob": -0.534825611114502, "compression_ratio": 0.873015873015873, "no_speech_prob": 0.2568662464618683}, {"id": 1, "seek": 476, "start": 4.76, "end": 34.72, "text": " That's awfully hard for me to distinguish.", "tokens": [1320, 338, 45421, 1327, 329, 502, 284, 15714, 13], "temperature": 0.0, "avg_logprob": -0.42522562467134917, "compression_ratio": 0.84, "no_speech_prob": 0.00014089765318203717}], "language": "en", "label": 1}