{"text": " since dishes conditions take up they might be on the same anything else OK, good", "segments": [{"id": 0, "seek": 0, "start": 0.0, "end": 9.84, "text": " since dishes conditions take up they might be on the same anything else", "tokens": [1201, 16759, 3403, 1011, 510, 484, 1244, 307, 319, 262, 976, 1997, 2073], "temperature": 0.0, "avg_logprob": -0.7304119441820227, "compression_ratio": 1.2469135802469136, "no_speech_prob": 0.011560247279703617}, {"id": 1, "seek": 984, "start": 9.84, "end": 31.06, "text": " OK, good", "tokens": [50363, 7477, 11, 922, 51424], "temperature": 1.0, "avg_logprob": -1.9488344192504883, "compression_ratio": 0.5, "no_speech_prob": 0.0008687361259944737}], "language": "en", "label": 1}