{"text": " Yeah. Cookie jar is on the covered on the second. Yeah.", "segments": [{"id": 0, "seek": 0, "start": 0.0, "end": 5.0, "text": " Yeah.", "tokens": [9425, 13], "temperature": 0.0, "avg_logprob": -0.5712904703049433, "compression_ratio": 1.0185185185185186, "no_speech_prob": 0.2961960732936859}, {"id": 1, "seek": 0, "start": 5.0, "end": 9.0, "text": " Cookie jar is on the covered on the second.", "tokens": [39606, 17379, 318, 319, 262, 5017, 319, 262, 1218, 13], "temperature": 0.0, "avg_logprob": -0.5712904703049433, "compression_ratio": 1.0185185185185186, "no_speech_prob": 0.2961960732936859}, {"id": 2, "seek": 900, "start": 9.0, "end": 33.0, "text": " Yeah.", "tokens": [9425, 13], "temperature": 0.0, "avg_logprob": -0.4087722698847453, "compression_ratio": 0.38461538461538464, "no_speech_prob": 0.000295900710625574}], "language": "en", "label": 1}