{"text": " She's washing dishes and she must have dropped one. Oh no, the sink ran over and he's almost falling over the chair and she's eating something it looks like. Okay, good.", "segments": [{"id": 0, "seek": 0, "start": 0.0, "end": 10.36, "text": " She's washing dishes and she must have dropped one. Oh no, the sink ran over and he's almost", "tokens": [1375, 338, 20518, 16759, 290, 673, 1276, 423, 5710, 530, 13, 3966, 645, 11, 262, 14595, 4966, 625, 290, 339, 338, 2048], "temperature": 0.0, "avg_logprob": -0.4252032809787326, "compression_ratio": 1.3548387096774193, "no_speech_prob": 0.20777326822280884}, {"id": 1, "seek": 0, "start": 10.36, "end": 18.06, "text": " falling over the chair and she's eating something it looks like.", "tokens": [7463, 625, 262, 5118, 290, 673, 338, 6600, 1223, 340, 3073, 588, 13], "temperature": 0.0, "avg_logprob": -0.4252032809787326, "compression_ratio": 1.3548387096774193, "no_speech_prob": 0.20777326822280884}, {"id": 2, "seek": 1806, "start": 18.06, "end": 30.439999999999998, "text": " Okay, good.", "tokens": [50363, 16805, 11, 922, 13, 50982], "temperature": 0.0, "avg_logprob": -0.8921115057809013, "compression_ratio": 0.5789473684210527, "no_speech_prob": 5.828604844282381e-05}], "language": "en", "label": 1}