{"text": " Let me turn off someInch still. Somebody is drinking their dishes. of it Down there. Thank you.", "segments": [{"id": 0, "seek": 0, "start": 0.0, "end": 21.66, "text": " Let me turn off someInch still.", "tokens": [3914, 502, 1210, 572, 617, 818, 354, 991, 13], "temperature": 1.0, "avg_logprob": -4.2951861790248325, "compression_ratio": 1.024390243902439, "no_speech_prob": 0.1697269082069397}, {"id": 1, "seek": 0, "start": 21.7, "end": 24.84, "text": " Somebody is drinking their dishes.", "tokens": [43141, 318, 7722, 511, 16759, 13], "temperature": 1.0, "avg_logprob": -4.2951861790248325, "compression_ratio": 1.024390243902439, "no_speech_prob": 0.1697269082069397}, {"id": 2, "seek": 0, "start": 24.84, "end": 26.2, "text": " of it Down there.", "tokens": [286, 340, 5588, 612, 13], "temperature": 1.0, "avg_logprob": -4.2951861790248325, "compression_ratio": 1.024390243902439, "no_speech_prob": 0.1697269082069397}, {"id": 3, "seek": 2620, "start": 26.2, "end": 28.2, "text": " Thank you.", "tokens": [50363, 6952, 345, 13, 50463], "temperature": 0.0, "avg_logprob": -0.951679547627767, "compression_ratio": 0.5555555555555556, "no_speech_prob": 0.6709621548652649}], "language": "en", "label": 1}