{"text": " And then the curls of... Thank you.", "segments": [{"id": 0, "seek": 0, "start": 0.0, "end": 28.16, "text": " And then the curls of...", "tokens": [843, 788, 262, 49507, 286, 986], "temperature": 1.0, "avg_logprob": -1.639382553100586, "compression_ratio": 0.8275862068965517, "no_speech_prob": 0.3493788242340088}, {"id": 1, "seek": 2816, "start": 28.16, "end": 30.16, "text": " Thank you.", "tokens": [50363, 6952, 345, 13, 50463], "temperature": 0.0, "avg_logprob": -0.8699961503346761, "compression_ratio": 0.5555555555555556, "no_speech_prob": 0.76763916015625}], "language": "en", "label": 1}