{"text": " Okay, that's done.", "segments": [{"id": 0, "seek": 0, "start": 0.0, "end": 16.080000000000002, "text": " Okay, that's done.", "tokens": [50363, 16805, 11, 326, 338, 1760, 13, 51167], "temperature": 0.0, "avg_logprob": -0.6125637160407172, "compression_ratio": 0.6923076923076923, "no_speech_prob": 0.2779817581176758}], "language": "en", "label": 1}