{"text": " Hers is up and she's still got his right in his hand.", "segments": [{"id": 0, "seek": 0, "start": 0.0, "end": 5.0, "text": " Hers is up and she's still got his right in his hand.", "tokens": [50363, 28492, 318, 510, 290, 673, 338, 991, 1392, 465, 826, 287, 465, 1021, 13, 50613], "temperature": 0.0, "avg_logprob": -0.4941870745490579, "compression_ratio": 0.9636363636363636, "no_speech_prob": 0.12573102116584778}], "language": "en", "label": 1}