{"text": " he's ready to fall down and danger is danger there or something I don't know what you want. That's fine.", "segments": [{"id": 0, "seek": 0, "start": 0.0, "end": 5.44, "text": " he's ready to fall down and danger is danger there or something I don't know what you want.", "tokens": [339, 338, 3492, 284, 2121, 866, 290, 3514, 318, 3514, 612, 393, 1223, 314, 836, 470, 760, 644, 345, 765, 13], "temperature": 0.0, "avg_logprob": -0.49284709294637047, "compression_ratio": 1.1538461538461537, "no_speech_prob": 0.038237664848566055}, {"id": 1, "seek": 544, "start": 5.44, "end": 27.12, "text": " That's fine.", "tokens": [50363, 1320, 338, 3734, 13, 51447], "temperature": 0.0, "avg_logprob": -0.7969324929373605, "compression_ratio": 0.6, "no_speech_prob": 0.0003828613553196192}], "language": "en", "label": 1}