{"text": " It must be the mother. She's washing dishes. If the dish fell down, it was none of the brothers. She's on it.", "segments": [{"id": 0, "seek": 0, "start": 0.0, "end": 8.24, "text": " It must be the mother.", "tokens": [632, 1276, 307, 262, 2802, 13], "temperature": 0.0, "avg_logprob": -0.5988262891769409, "compression_ratio": 1.1294117647058823, "no_speech_prob": 0.07643947750329971}, {"id": 1, "seek": 0, "start": 8.24, "end": 9.24, "text": " She's washing dishes.", "tokens": [1375, 338, 20518, 16759, 13], "temperature": 0.0, "avg_logprob": -0.5988262891769409, "compression_ratio": 1.1294117647058823, "no_speech_prob": 0.07643947750329971}, {"id": 2, "seek": 0, "start": 9.24, "end": 27.560000000000002, "text": " If the dish fell down, it was none of the brothers.", "tokens": [1002, 262, 9433, 3214, 866, 11, 340, 373, 4844, 286, 262, 9397, 13], "temperature": 0.0, "avg_logprob": -0.5988262891769409, "compression_ratio": 1.1294117647058823, "no_speech_prob": 0.07643947750329971}, {"id": 3, "seek": 2756, "start": 27.56, "end": 30.56, "text": " She's on it.", "tokens": [50363, 1375, 338, 319, 340, 13, 50513], "temperature": 0.0, "avg_logprob": -0.7472841739654541, "compression_ratio": 0.6, "no_speech_prob": 1.8058244677376933e-05}], "language": "en", "label": 1}