{"text": " dishes are on the same time the water is spilling out of the sink and the water is spilling out of the sink", "segments": [{"id": 0, "seek": 0, "start": 0.0, "end": 5.36, "text": " dishes are on the same time", "tokens": [16759, 389, 319, 262, 976, 640], "temperature": 0.0, "avg_logprob": -0.8770675659179688, "compression_ratio": 1.0317460317460319, "no_speech_prob": 0.9160908460617065}, {"id": 1, "seek": 0, "start": 5.36, "end": 24.080000000000002, "text": " the water is spilling out of the sink", "tokens": [262, 1660, 318, 45085, 503, 286, 262, 14595], "temperature": 0.0, "avg_logprob": -0.8770675659179688, "compression_ratio": 1.0317460317460319, "no_speech_prob": 0.9160908460617065}, {"id": 2, "seek": 2408, "start": 24.08, "end": 30.4, "text": " and the water is spilling out of the sink", "tokens": [50363, 290, 262, 1660, 318, 45085, 503, 286, 262, 14595, 50679], "temperature": 0.0, "avg_logprob": -0.836942195892334, "compression_ratio": 0.8913043478260869, "no_speech_prob": 3.3735839679138735e-05}], "language": "en", "label": 1}