{"text": " Well, as I say that, you know, the boy on the stand or on the stool, and it's tilting. It's a good way to break his neck, break his back, I should say.", "segments": [{"id": 0, "seek": 0, "start": 0.0, "end": 19.56, "text": " Well, as I say that, you know, the boy on the stand or on the stool, and it's tilting.", "tokens": [3894, 11, 355, 314, 910, 326, 11, 345, 760, 11, 262, 2933, 319, 262, 1302, 393, 319, 262, 38753, 11, 290, 340, 338, 21502, 889, 13], "temperature": 0.0, "avg_logprob": -0.43489233652750653, "compression_ratio": 1.1168831168831168, "no_speech_prob": 0.12326738983392715}, {"id": 1, "seek": 1956, "start": 19.56, "end": 30.36, "text": " It's a good way to break his neck, break his back, I should say.", "tokens": [50363, 632, 338, 257, 922, 835, 284, 2270, 465, 7393, 11, 2270, 465, 736, 11, 314, 815, 910, 13, 50903], "temperature": 0.0, "avg_logprob": -0.3556059882754371, "compression_ratio": 1.0666666666666667, "no_speech_prob": 2.3549020625068806e-05}], "language": "en", "label": 1}