{"text": " One is on the curtain. Okay. Is that everything? Okay.", "segments": [{"id": 0, "seek": 0, "start": 0.0, "end": 3.0, "text": " One is on the curtain.", "tokens": [1881, 318, 319, 262, 29461, 13], "temperature": 0.0, "avg_logprob": -0.5574003060658773, "compression_ratio": 0.8955223880597015, "no_speech_prob": 0.09846246242523193}, {"id": 1, "seek": 0, "start": 13.0, "end": 14.0, "text": " Okay.", "tokens": [16805, 13], "temperature": 0.0, "avg_logprob": -0.5574003060658773, "compression_ratio": 0.8955223880597015, "no_speech_prob": 0.09846246242523193}, {"id": 2, "seek": 0, "start": 15.0, "end": 16.0, "text": " Is that everything?", "tokens": [1148, 326, 2279, 30], "temperature": 0.0, "avg_logprob": -0.5574003060658773, "compression_ratio": 0.8955223880597015, "no_speech_prob": 0.09846246242523193}, {"id": 3, "seek": 1600, "start": 16.0, "end": 31.0, "text": " Okay.", "tokens": [50363, 16805, 13, 51113], "temperature": 0.0, "avg_logprob": -0.6052944183349609, "compression_ratio": 0.38461538461538464, "no_speech_prob": 0.0002377923228777945}], "language": "en", "label": 1}