{"text": " and all of a sudden somebody turned over a dish all over the floor except that it did not splash from the sink but not from the sink.", "segments": [{"id": 0, "seek": 0, "start": 0.0, "end": 16.64, "text": " and all of a sudden somebody turned over a dish all over the floor except that it", "tokens": [290, 477, 286, 257, 4802, 8276, 2900, 625, 257, 9433, 477, 625, 262, 4314, 2845, 326, 340], "temperature": 0.0, "avg_logprob": -0.24495983123779297, "compression_ratio": 1.1408450704225352, "no_speech_prob": 0.2657129764556885}, {"id": 1, "seek": 1664, "start": 16.64, "end": 31.28, "text": " did not splash from the sink but not from the sink.", "tokens": [50363, 750, 407, 22870, 422, 262, 14595, 475, 407, 422, 262, 14595, 13, 51095], "temperature": 0.0, "avg_logprob": -0.5585494995117187, "compression_ratio": 1.1333333333333333, "no_speech_prob": 0.00025694494252093136}], "language": "en", "label": 1}