{"text": " Is that about it? That's about it.", "segments": [{"id": 0, "seek": 0, "start": 0.0, "end": 3.8000000000000003, "text": " Is that about it?", "tokens": [1148, 326, 546, 340, 30], "temperature": 0.0, "avg_logprob": -0.5647902806599935, "compression_ratio": 1.0303030303030303, "no_speech_prob": 0.3144078850746155}, {"id": 1, "seek": 380, "start": 3.8, "end": 31.8, "text": " That's about it.", "tokens": [1320, 338, 546, 340, 13], "temperature": 0.0, "avg_logprob": -0.7430429988437228, "compression_ratio": 0.6666666666666666, "no_speech_prob": 0.0005190977244637907}], "language": "en", "label": 1}