{"text": " going on any more action in the picture okay", "segments": [{"id": 0, "seek": 0, "start": 0.0, "end": 5.16, "text": " going on any more action in the picture", "tokens": [1016, 319, 597, 517, 2223, 287, 262, 4286], "temperature": 0.0, "avg_logprob": -0.47814740453447613, "compression_ratio": 0.8979591836734694, "no_speech_prob": 0.05027729645371437}, {"id": 1, "seek": 516, "start": 5.16, "end": 27.42, "text": " okay", "tokens": [50363, 8788, 51476], "temperature": 1.0, "avg_logprob": -1.8368768692016602, "compression_ratio": 0.3333333333333333, "no_speech_prob": 0.0003148831310681999}], "language": "en", "label": 1}