{"text": " how she will find her. Mother's where she's trying the dishes. The stew is upset. Captain Saws were sitting there on a plate ready to eat. flew away from the main itself.", "segments": [{"id": 0, "seek": 0, "start": 0.0, "end": 8.06, "text": " how she will find her. Mother's where she's trying the dishes.", "tokens": [703, 673, 481, 1064, 607, 13, 10584, 338, 810, 673, 338, 2111, 262, 16759, 13], "temperature": 0.0, "avg_logprob": -0.8355998259324294, "compression_ratio": 1.08, "no_speech_prob": 0.26429590582847595}, {"id": 1, "seek": 0, "start": 10.48, "end": 13.92, "text": " The stew is upset.", "tokens": [383, 20798, 318, 9247, 13], "temperature": 0.0, "avg_logprob": -0.8355998259324294, "compression_ratio": 1.08, "no_speech_prob": 0.26429590582847595}, {"id": 2, "seek": 1392, "start": 13.92, "end": 25.28, "text": " Captain Saws were sitting there on a plate ready to eat.", "tokens": [8599, 311, 8356, 547, 5586, 612, 319, 257, 7480, 3492, 284, 4483, 13], "temperature": 0.0, "avg_logprob": -0.8357810974121094, "compression_ratio": 1.0, "no_speech_prob": 0.00013547494017984718}, {"id": 3, "seek": 2528, "start": 25.28, "end": 50.32, "text": " flew away from the main itself.", "tokens": [50363, 13112, 1497, 422, 262, 1388, 2346, 13, 51615], "temperature": 1.0, "avg_logprob": -3.60548095703125, "compression_ratio": 0.7948717948717948, "no_speech_prob": 0.0001293063978664577}], "language": "en", "label": 1}