{"text": " I'm calling a plate. A cup? A cup of saucer? Oh, this is a cup. It might be a saucer. Oh, maybe. It might be a saucer or a plate. Okay.", "segments": [{"id": 0, "seek": 0, "start": 0.0, "end": 2.0, "text": " I'm calling a plate. A cup? A cup of saucer?", "tokens": [314, 1101, 4585, 257, 7480, 13, 317, 6508, 30, 317, 6508, 286, 473, 48915, 30], "temperature": 0.0, "avg_logprob": -0.4437571253095354, "compression_ratio": 1.4123711340206186, "no_speech_prob": 0.21765366196632385}, {"id": 1, "seek": 0, "start": 2.0, "end": 4.0, "text": " Oh, this is a cup. It might be a saucer.", "tokens": [3966, 11, 428, 318, 257, 6508, 13, 632, 1244, 307, 257, 473, 48915, 13], "temperature": 0.0, "avg_logprob": -0.4437571253095354, "compression_ratio": 1.4123711340206186, "no_speech_prob": 0.21765366196632385}, {"id": 2, "seek": 0, "start": 4.0, "end": 7.0, "text": " Oh, maybe. It might be a saucer or a plate.", "tokens": [3966, 11, 3863, 13, 632, 1244, 307, 257, 473, 48915, 393, 257, 7480, 13], "temperature": 0.0, "avg_logprob": -0.4437571253095354, "compression_ratio": 1.4123711340206186, "no_speech_prob": 0.21765366196632385}, {"id": 3, "seek": 700, "start": 7.0, "end": 36.0, "text": " Okay.", "tokens": [50363, 16805, 13, 51813], "temperature": 0.0, "avg_logprob": -0.678563928604126, "compression_ratio": 0.38461538461538464, "no_speech_prob": 0.002358159050345421}], "language": "en", "label": 1}