{"text": " drying the dishes. Did I say that before? Kids laughing, the other kid with the storm falling over to break his neck. No action to the curtains and grass is growing out there I guess you could call that action. These are probably glowing.", "segments": [{"id": 0, "seek": 0, "start": 0.0, "end": 16.0, "text": " drying the dishes. Did I say that before? Kids laughing, the other kid with the storm falling over to break his neck.", "tokens": [29621, 262, 16759, 13, 7731, 314, 910, 326, 878, 30, 17476, 14376, 11, 262, 584, 5141, 351, 262, 6388, 7463, 625, 284, 2270, 465, 7393, 13], "temperature": 0.0, "avg_logprob": -0.48860915501912433, "compression_ratio": 1.1359223300970873, "no_speech_prob": 0.13954782485961914}, {"id": 1, "seek": 1600, "start": 16.0, "end": 30.0, "text": " No action to the curtains and grass is growing out there I guess you could call that action. These are probably glowing.", "tokens": [50363, 1400, 2223, 284, 262, 41160, 290, 8701, 318, 3957, 503, 612, 314, 4724, 345, 714, 869, 326, 2223, 13, 2312, 389, 2192, 21377, 13, 51063], "temperature": 0.0, "avg_logprob": -0.22955083847045898, "compression_ratio": 1.2244897959183674, "no_speech_prob": 2.6273637558915652e-05}], "language": "en", "label": 1}