{"text": " I don't see anything else. Okay. Hi. Wait,", "segments": [{"id": 0, "seek": 0, "start": 0.0, "end": 21.0, "text": " I don't see anything else.", "tokens": [314, 836, 470, 766, 1997, 2073, 13], "temperature": 0.0, "avg_logprob": -0.6677987310621474, "compression_ratio": 0.8222222222222222, "no_speech_prob": 0.22784395515918732}, {"id": 1, "seek": 0, "start": 21.0, "end": 22.0, "text": " Okay.", "tokens": [16805, 13], "temperature": 0.0, "avg_logprob": -0.6677987310621474, "compression_ratio": 0.8222222222222222, "no_speech_prob": 0.22784395515918732}, {"id": 2, "seek": 2200, "start": 22.0, "end": 33.0, "text": " Hi.", "tokens": [15902, 13], "temperature": 1.0, "avg_logprob": -2.483785057067871, "compression_ratio": 0.5294117647058824, "no_speech_prob": 0.0007668982143513858}, {"id": 3, "seek": 2200, "start": 33.0, "end": 38.0, "text": " Wait,", "tokens": [16314, 11], "temperature": 1.0, "avg_logprob": -2.483785057067871, "compression_ratio": 0.5294117647058824, "no_speech_prob": 0.0007668982143513858}], "language": "en", "label": 1}