{"text": " She's just washing dishes and drying them. And the sink is turned on and the water is running down and is running on the floor and she's standing in the water. She's got a dress on and she's looking out.", "segments": [{"id": 0, "seek": 0, "start": 0.0, "end": 9.0, "text": " She's just washing dishes and drying them.", "tokens": [1375, 338, 655, 20518, 16759, 290, 29621, 606, 13], "temperature": 0.0, "avg_logprob": -0.39717818469536015, "compression_ratio": 1.4587155963302751, "no_speech_prob": 0.48316332697868347}, {"id": 1, "seek": 0, "start": 9.0, "end": 19.0, "text": " And the sink is turned on and the water is running down and is running on the floor and she's standing in the water.", "tokens": [843, 262, 14595, 318, 2900, 319, 290, 262, 1660, 318, 2491, 866, 290, 318, 2491, 319, 262, 4314, 290, 673, 338, 5055, 287, 262, 1660, 13], "temperature": 0.0, "avg_logprob": -0.39717818469536015, "compression_ratio": 1.4587155963302751, "no_speech_prob": 0.48316332697868347}, {"id": 2, "seek": 1900, "start": 19.0, "end": 30.0, "text": " She's got a dress on and she's looking out.", "tokens": [50363, 1375, 338, 1392, 257, 6576, 319, 290, 673, 338, 2045, 503, 13, 50913], "temperature": 0.0, "avg_logprob": -0.13819945653279622, "compression_ratio": 0.8958333333333334, "no_speech_prob": 2.2473106582765467e-05}], "language": "en", "label": 1}