{"text": " Anything else you see going on in the picture? I don't know, the ladder is worse than I think.", "segments": [{"id": 0, "seek": 0, "start": 0.0, "end": 15.92, "text": " Anything else you see going on in the picture?", "tokens": [21035, 2073, 345, 766, 1016, 319, 287, 262, 4286, 30], "temperature": 0.0, "avg_logprob": -0.5930541583469936, "compression_ratio": 0.8846153846153846, "no_speech_prob": 0.1313769370317459}, {"id": 1, "seek": 1592, "start": 15.92, "end": 30.0, "text": " I don't know, the ladder is worse than I think.", "tokens": [50363, 314, 836, 470, 760, 11, 262, 18002, 318, 4785, 621, 314, 892, 13, 51067], "temperature": 0.0, "avg_logprob": -0.6285361647605896, "compression_ratio": 0.9038461538461539, "no_speech_prob": 2.078426769003272e-05}], "language": "en", "label": 1}