{"text": " There he is. This should be a window. There.", "segments": [{"id": 0, "seek": 0, "start": 0.0, "end": 22.88, "text": " There he is.", "tokens": [1318, 339, 318, 13], "temperature": 0.0, "avg_logprob": -0.7141854166984558, "compression_ratio": 0.8222222222222222, "no_speech_prob": 0.4733954966068268}, {"id": 1, "seek": 0, "start": 22.88, "end": 26.04, "text": " This should be a window.", "tokens": [770, 815, 307, 257, 4324, 13], "temperature": 0.0, "avg_logprob": -0.7141854166984558, "compression_ratio": 0.8222222222222222, "no_speech_prob": 0.4733954966068268}, {"id": 2, "seek": 2604, "start": 26.04, "end": 31.04, "text": " There.", "tokens": [50363, 1318, 13, 50613], "temperature": 0.0, "avg_logprob": -0.8991640090942383, "compression_ratio": 0.42857142857142855, "no_speech_prob": 4.331783566158265e-05}], "language": "en", "label": 1}