{"text": " Well, I guess she, I guess she, maybe she does have a... somewait", "segments": [{"id": 0, "seek": 0, "start": 0.0, "end": 18.68, "text": " Well, I guess she, I guess she, maybe she does have a...", "tokens": [3894, 11, 314, 4724, 673, 11, 314, 4724, 673, 11, 3863, 673, 857, 423, 257, 986], "temperature": 0.0, "avg_logprob": -0.7590151786804199, "compression_ratio": 1.1666666666666667, "no_speech_prob": 0.5442402362823486}, {"id": 1, "seek": 1868, "start": 18.68, "end": 45.2, "text": " somewait", "tokens": [617, 17077], "temperature": 1.0, "avg_logprob": -4.384815533955892, "compression_ratio": 0.5, "no_speech_prob": 2.3185402824310586e-05}], "language": "en", "label": 1}