{"text": " She was doing the dishes, I think. She spilled something. Okay, that's fine.", "segments": [{"id": 0, "seek": 0, "start": 0.0, "end": 6.640000000000001, "text": " She was doing the dishes, I think.", "tokens": [1375, 373, 1804, 262, 16759, 11, 314, 892, 13], "temperature": 0.0, "avg_logprob": -0.4711940105144794, "compression_ratio": 0.987012987012987, "no_speech_prob": 0.03352892026305199}, {"id": 1, "seek": 0, "start": 6.640000000000001, "end": 9.64, "text": " She spilled something.", "tokens": [1375, 31896, 1223, 13], "temperature": 0.0, "avg_logprob": -0.4711940105144794, "compression_ratio": 0.987012987012987, "no_speech_prob": 0.03352892026305199}, {"id": 2, "seek": 964, "start": 9.64, "end": 30.36, "text": " Okay, that's fine.", "tokens": [16805, 11, 326, 338, 3734, 13], "temperature": 0.0, "avg_logprob": -0.5770485401153564, "compression_ratio": 0.6923076923076923, "no_speech_prob": 0.0005069191101938486}], "language": "en", "label": 1}