{"text": " Anything else? Anything else?", "segments": [{"id": 0, "seek": 0, "start": 0.0, "end": 2.0, "text": " Anything else?", "tokens": [21035, 2073, 30], "temperature": 0.0, "avg_logprob": -0.8121870040893555, "compression_ratio": 0.6923076923076923, "no_speech_prob": 0.3149819076061249}, {"id": 1, "seek": 200, "start": 2.0, "end": 30.0, "text": " Anything else?", "tokens": [50363, 21035, 2073, 30, 51763], "temperature": 0.0, "avg_logprob": -0.5067847967147827, "compression_ratio": 0.6363636363636364, "no_speech_prob": 0.020044267177581787}], "language": "en", "label": 1}