{"text": " The kid has her hand up after it. Mama's washing dishes, sinks running over. That's it. The Wind is open.", "segments": [{"id": 0, "seek": 0, "start": 0.0, "end": 2.52, "text": " The kid has her hand up after it.", "tokens": [383, 5141, 468, 607, 1021, 510, 706, 340, 13], "temperature": 0.0, "avg_logprob": -0.44310411725725446, "compression_ratio": 1.10989010989011, "no_speech_prob": 0.06624608486890793}, {"id": 1, "seek": 0, "start": 2.52, "end": 5.5200000000000005, "text": " Mama's washing dishes, sinks running over.", "tokens": [40084, 338, 20518, 16759, 11, 38614, 2491, 625, 13], "temperature": 0.0, "avg_logprob": -0.44310411725725446, "compression_ratio": 1.10989010989011, "no_speech_prob": 0.06624608486890793}, {"id": 2, "seek": 0, "start": 6.92, "end": 7.76, "text": " That's it.", "tokens": [1320, 338, 340, 13], "temperature": 0.0, "avg_logprob": -0.44310411725725446, "compression_ratio": 1.10989010989011, "no_speech_prob": 0.06624608486890793}, {"id": 3, "seek": 776, "start": 7.76, "end": 31.060000000000002, "text": " The Wind is open.", "tokens": [50363, 383, 3086, 318, 1280, 13, 51528], "temperature": 1.0, "avg_logprob": -1.8610795736312866, "compression_ratio": 0.68, "no_speech_prob": 6.156366725917906e-05}], "language": "en", "label": 1}