{"text": " Anything else? What do you see going on in the picture? He is, he's trying to get the cape down where I suppose she can share with him. Can too.", "segments": [{"id": 0, "seek": 0, "start": 0.0, "end": 5.0, "text": " Anything else?", "tokens": [21035, 2073, 30], "temperature": 0.0, "avg_logprob": -0.4821995060618331, "compression_ratio": 1.2272727272727273, "no_speech_prob": 0.22050833702087402}, {"id": 1, "seek": 0, "start": 5.0, "end": 15.0, "text": " What do you see going on in the picture?", "tokens": [1867, 466, 345, 766, 1016, 319, 287, 262, 4286, 30], "temperature": 0.0, "avg_logprob": -0.4821995060618331, "compression_ratio": 1.2272727272727273, "no_speech_prob": 0.22050833702087402}, {"id": 2, "seek": 0, "start": 15.0, "end": 26.0, "text": " He is, he's trying to get the cape down where I suppose she can share with him.", "tokens": [679, 318, 11, 339, 338, 2111, 284, 651, 262, 36023, 866, 810, 314, 11691, 673, 460, 2648, 351, 683, 13], "temperature": 0.0, "avg_logprob": -0.4821995060618331, "compression_ratio": 1.2272727272727273, "no_speech_prob": 0.22050833702087402}, {"id": 3, "seek": 2600, "start": 26.0, "end": 30.0, "text": " Can too.", "tokens": [50363, 1680, 1165, 13, 50563], "temperature": 0.0, "avg_logprob": -0.6508042812347412, "compression_ratio": 0.5, "no_speech_prob": 6.922029569977894e-05}], "language": "en", "label": 1}