{"text": " One of his feet is a hat, on the third off, as a stool. He's got short pants and a blouse. And a seat. And, uh, they look like their boots instead of shoes.", "segments": [{"id": 0, "seek": 0, "start": 0.0, "end": 5.0, "text": " One of his feet is a hat, on the third off, as a stool.", "tokens": [1881, 286, 465, 3625, 318, 257, 6877, 11, 319, 262, 2368, 572, 11, 355, 257, 38753, 13], "temperature": 0.0, "avg_logprob": -0.44578976533850845, "compression_ratio": 1.2521739130434784, "no_speech_prob": 0.32952767610549927}, {"id": 1, "seek": 0, "start": 11.4, "end": 14.3, "text": " He's got short pants and a blouse.", "tokens": [679, 338, 1392, 1790, 12581, 290, 257, 698, 1076, 13], "temperature": 0.0, "avg_logprob": -0.44578976533850845, "compression_ratio": 1.2521739130434784, "no_speech_prob": 0.32952767610549927}, {"id": 2, "seek": 0, "start": 18.1, "end": 19.1, "text": " And a seat.", "tokens": [843, 257, 5852, 13], "temperature": 0.0, "avg_logprob": -0.44578976533850845, "compression_ratio": 1.2521739130434784, "no_speech_prob": 0.32952767610549927}, {"id": 3, "seek": 1910, "start": 19.1, "end": 26.1, "text": " And, uh, they look like their boots instead of shoes.", "tokens": [50363, 843, 11, 21480, 11, 484, 804, 588, 511, 14412, 2427, 286, 10012, 13, 50713], "temperature": 0.0, "avg_logprob": -0.3539218604564667, "compression_ratio": 0.9137931034482759, "no_speech_prob": 5.255348696664441e-06}], "language": "en", "label": 1}