{"text": " I don't know the signature, but that would grow. Entering health reach. That's the way all sort of girls are acting at age. That's the way it works.", "segments": [{"id": 0, "seek": 0, "start": 0.0, "end": 7.0, "text": " I don't know the signature, but that would grow.", "tokens": [314, 836, 470, 760, 262, 9877, 11, 475, 326, 561, 1663, 13], "temperature": 0.0, "avg_logprob": -0.9679749137476871, "compression_ratio": 1.1714285714285715, "no_speech_prob": 0.6051865220069885}, {"id": 1, "seek": 0, "start": 7.0, "end": 12.0, "text": " Entering health reach.", "tokens": [6062, 278, 1535, 3151, 13], "temperature": 0.0, "avg_logprob": -0.9679749137476871, "compression_ratio": 1.1714285714285715, "no_speech_prob": 0.6051865220069885}, {"id": 2, "seek": 0, "start": 12.0, "end": 23.0, "text": " That's the way all sort of girls are acting at age.", "tokens": [1320, 338, 262, 835, 477, 3297, 286, 4813, 389, 7205, 379, 2479, 13], "temperature": 0.0, "avg_logprob": -0.9679749137476871, "compression_ratio": 1.1714285714285715, "no_speech_prob": 0.6051865220069885}, {"id": 3, "seek": 2300, "start": 23.0, "end": 30.0, "text": " That's the way it works.", "tokens": [50363, 1320, 338, 262, 835, 340, 2499, 13, 50713], "temperature": 0.0, "avg_logprob": -0.8875538825988769, "compression_ratio": 0.75, "no_speech_prob": 0.0065778749994933605}], "language": "en", "label": 1}