{"text": " the the the cabinet door is open and the children are still in the cookies and mama's not even looking and the boy falls there looks like he's going to fall there you go and then", "segments": [{"id": 0, "seek": 0, "start": 0.0, "end": 12.88, "text": " the the the cabinet door is open and the children are still in the cookies and", "tokens": [262, 262, 262, 13447, 3420, 318, 1280, 290, 262, 1751, 389, 991, 287, 262, 14746, 290], "temperature": 0.0, "avg_logprob": -0.31562081361428285, "compression_ratio": 1.4660194174757282, "no_speech_prob": 0.12345970422029495}, {"id": 1, "seek": 0, "start": 12.88, "end": 22.72, "text": " mama's not even looking and the boy falls there looks like he's going to", "tokens": [285, 1689, 338, 407, 772, 2045, 290, 262, 2933, 8953, 612, 3073, 588, 339, 338, 1016, 284], "temperature": 0.0, "avg_logprob": -0.31562081361428285, "compression_ratio": 1.4660194174757282, "no_speech_prob": 0.12345970422029495}, {"id": 2, "seek": 2272, "start": 22.72, "end": 31.56, "text": " fall there you go and then", "tokens": [50363, 2121, 612, 345, 467, 290, 788, 50805], "temperature": 0.0, "avg_logprob": -0.35615653461880153, "compression_ratio": 0.8125, "no_speech_prob": 7.296233434317401e-06}], "language": "en", "label": 1}