{"text": " And if the kitchen is the same type of window as the window in the other part of the house, it has styles only in the upper and the glass.", "segments": [{"id": 0, "seek": 0, "start": 0.0, "end": 16.0, "text": " And if the kitchen is the same type of window as the window in the other part of the house,", "tokens": [843, 611, 262, 9592, 318, 262, 976, 2099, 286, 4324, 355, 262, 4324, 287, 262, 584, 636, 286, 262, 2156, 11], "temperature": 0.0, "avg_logprob": -0.5437121200561523, "compression_ratio": 1.1818181818181819, "no_speech_prob": 0.6869309544563293}, {"id": 1, "seek": 1600, "start": 16.0, "end": 30.0, "text": " it has styles only in the upper and the glass.", "tokens": [50363, 340, 468, 12186, 691, 287, 262, 6727, 290, 262, 5405, 13, 51063], "temperature": 0.0, "avg_logprob": -0.442629269191197, "compression_ratio": 0.92, "no_speech_prob": 2.668726483534556e-05}], "language": "en", "label": 1}