{"text": " what's going on in the picture what do you see happening in that picture? A lady and her children. Mm-hmm. What's her name? The lady is washing dishes.", "segments": [{"id": 0, "seek": 0, "start": 0.0, "end": 6.640000000000001, "text": " what's going on in the picture what do you see happening in that picture?", "tokens": [644, 338, 1016, 319, 287, 262, 4286, 644, 466, 345, 766, 5836, 287, 326, 4286, 30], "temperature": 0.0, "avg_logprob": -0.7315832546779087, "compression_ratio": 1.1666666666666667, "no_speech_prob": 0.16815349459648132}, {"id": 1, "seek": 0, "start": 6.640000000000001, "end": 13.64, "text": " A lady and her children.", "tokens": [317, 10846, 290, 607, 1751, 13], "temperature": 0.0, "avg_logprob": -0.7315832546779087, "compression_ratio": 1.1666666666666667, "no_speech_prob": 0.16815349459648132}, {"id": 2, "seek": 1364, "start": 13.64, "end": 31.48, "text": " Mm-hmm. What's her name? The lady is washing dishes.", "tokens": [50363, 337, 76, 12, 71, 3020, 13, 1867, 338, 607, 1438, 30, 383, 10846, 318, 20518, 16759, 13, 51255], "temperature": 0.0, "avg_logprob": -0.5216108798980713, "compression_ratio": 0.8666666666666667, "no_speech_prob": 0.00023042784596327692}], "language": "en", "label": 1}