{"text": " the stool. The girl laughing at him. Cookies in the cookie jar was lit off. He has the cookie in his hand. Good.", "segments": [{"id": 0, "seek": 0, "start": 0.0, "end": 9.96, "text": " the stool. The girl laughing at him. Cookies in the cookie jar was lit off. He", "tokens": [262, 38753, 13, 383, 2576, 14376, 379, 683, 13, 45305, 287, 262, 19751, 17379, 373, 6578, 572, 13, 679], "temperature": 0.0, "avg_logprob": -0.3522535139514554, "compression_ratio": 1.1818181818181819, "no_speech_prob": 0.06415383517742157}, {"id": 1, "seek": 996, "start": 9.96, "end": 30.48, "text": " has the cookie in his hand. Good.", "tokens": [50363, 468, 262, 19751, 287, 465, 1021, 13, 4599, 13, 51389], "temperature": 0.0, "avg_logprob": -0.5310320059458414, "compression_ratio": 0.8048780487804879, "no_speech_prob": 0.0001712697121547535}], "language": "en", "label": 1}