{"text": " Oh, that's his feet. I thought there was something around his foot. It's just one part of one foot on top of the other.", "segments": [{"id": 0, "seek": 0, "start": 0.0, "end": 7.0, "text": " Oh, that's his feet.", "tokens": [3966, 11, 326, 338, 465, 3625, 13], "temperature": 0.0, "avg_logprob": -0.8113305351950906, "compression_ratio": 0.9852941176470589, "no_speech_prob": 0.5844245553016663}, {"id": 1, "seek": 0, "start": 7.0, "end": 20.0, "text": " I thought there was something around his foot.", "tokens": [314, 1807, 612, 373, 1223, 1088, 465, 2366, 13], "temperature": 0.0, "avg_logprob": -0.8113305351950906, "compression_ratio": 0.9852941176470589, "no_speech_prob": 0.5844245553016663}, {"id": 2, "seek": 2000, "start": 20.0, "end": 30.0, "text": " It's just one part of one foot on top of the other.", "tokens": [50363, 632, 338, 655, 530, 636, 286, 530, 2366, 319, 1353, 286, 262, 584, 13, 50863], "temperature": 0.0, "avg_logprob": -0.2694077211267808, "compression_ratio": 1.0408163265306123, "no_speech_prob": 0.0004106316191609949}], "language": "en", "label": 1}