{"text": " The mother's washing dishes. She spilled it. She's washing dishes. I can dance outside to you?", "segments": [{"id": 0, "seek": 0, "start": 0.0, "end": 5.4, "text": " The mother's washing dishes. She spilled it.", "tokens": [383, 2802, 338, 20518, 16759, 13, 1375, 31896, 340, 13], "temperature": 0.0, "avg_logprob": -0.4385010949496565, "compression_ratio": 1.175, "no_speech_prob": 0.05118774250149727}, {"id": 1, "seek": 0, "start": 9.6, "end": 11.6, "text": " She's washing dishes.", "tokens": [1375, 338, 20518, 16759, 13], "temperature": 0.0, "avg_logprob": -0.4385010949496565, "compression_ratio": 1.175, "no_speech_prob": 0.05118774250149727}, {"id": 2, "seek": 1160, "start": 11.6, "end": 23.6, "text": " I can dance outside to you?", "tokens": [50363, 314, 460, 9280, 2354, 284, 345, 30, 50963], "temperature": 0.0, "avg_logprob": -0.5282199859619141, "compression_ratio": 0.7714285714285715, "no_speech_prob": 0.00034580822102725506}], "language": "en", "label": 1}