{"text": " the grass and stuff outside and then you have a nice one on don't want to hear anything just tell me what you think", "segments": [{"id": 0, "seek": 0, "start": 0.0, "end": 3.6, "text": " the grass and stuff outside", "tokens": [262, 8701, 290, 3404, 2354], "temperature": 0.0, "avg_logprob": -0.7534741233376896, "compression_ratio": 1.2637362637362637, "no_speech_prob": 0.2995428740978241}, {"id": 1, "seek": 0, "start": 4.96, "end": 8.48, "text": " and then you have a nice one on", "tokens": [290, 788, 345, 423, 257, 3621, 530, 319], "temperature": 0.0, "avg_logprob": -0.7534741233376896, "compression_ratio": 1.2637362637362637, "no_speech_prob": 0.2995428740978241}, {"id": 2, "seek": 0, "start": 10.0, "end": 13.44, "text": " don't want to hear anything", "tokens": [836, 470, 765, 284, 3285, 1997], "temperature": 0.0, "avg_logprob": -0.7534741233376896, "compression_ratio": 1.2637362637362637, "no_speech_prob": 0.2995428740978241}, {"id": 3, "seek": 1344, "start": 13.44, "end": 27.439999999999998, "text": " just tell me what you think", "tokens": [50363, 655, 1560, 502, 644, 345, 892, 51063], "temperature": 0.0, "avg_logprob": -0.882404539320204, "compression_ratio": 0.7714285714285715, "no_speech_prob": 0.0026068647857755423}], "language": "en", "label": 1}