{"text": " I just want to find out what's wrong. Anything you see going on? Well, she don't seem to be noticing what she's doing. She's looking at it. Looks like she's watching TV.", "segments": [{"id": 0, "seek": 0, "start": 0.0, "end": 15.24, "text": " I just want to find out what's wrong.", "tokens": [314, 655, 765, 284, 1064, 503, 644, 338, 2642, 13], "temperature": 0.0, "avg_logprob": -0.4477521494815224, "compression_ratio": 1.1919191919191918, "no_speech_prob": 0.3908521234989166}, {"id": 1, "seek": 0, "start": 15.24, "end": 22.92, "text": " Anything you see going on?", "tokens": [21035, 345, 766, 1016, 319, 30], "temperature": 0.0, "avg_logprob": -0.4477521494815224, "compression_ratio": 1.1919191919191918, "no_speech_prob": 0.3908521234989166}, {"id": 2, "seek": 0, "start": 22.92, "end": 26.76, "text": " Well, she don't seem to be noticing what she's doing.", "tokens": [3894, 11, 673, 836, 470, 1283, 284, 307, 28107, 644, 673, 338, 1804, 13], "temperature": 0.0, "avg_logprob": -0.4477521494815224, "compression_ratio": 1.1919191919191918, "no_speech_prob": 0.3908521234989166}, {"id": 3, "seek": 2676, "start": 26.76, "end": 30.0, "text": " She's looking at it. Looks like she's watching TV.", "tokens": [50363, 1375, 338, 2045, 379, 340, 13, 29403, 588, 673, 338, 4964, 3195, 13, 50525], "temperature": 0.0, "avg_logprob": -0.4261801540851593, "compression_ratio": 1.0, "no_speech_prob": 9.81815446721157e-06}], "language": "en", "label": 1}