{"text": " It's already getting it. Anything else? What's going on right here? What do you see going on over here? Anything? Yeah, she's in warm water and it's not on all the...", "segments": [{"id": 0, "seek": 0, "start": 0.0, "end": 7.0, "text": " It's already getting it.", "tokens": [632, 338, 1541, 1972, 340, 13], "temperature": 0.0, "avg_logprob": -0.35637170618230646, "compression_ratio": 1.2840909090909092, "no_speech_prob": 0.2736576795578003}, {"id": 1, "seek": 0, "start": 7.0, "end": 16.0, "text": " Anything else? What's going on right here? What do you see going on over here? Anything?", "tokens": [21035, 2073, 30, 1867, 338, 1016, 319, 826, 994, 30, 1867, 466, 345, 766, 1016, 319, 625, 994, 30, 21035, 30], "temperature": 0.0, "avg_logprob": -0.35637170618230646, "compression_ratio": 1.2840909090909092, "no_speech_prob": 0.2736576795578003}, {"id": 2, "seek": 1600, "start": 16.0, "end": 30.0, "text": " Yeah, she's in warm water and it's not on all the...", "tokens": [50363, 9425, 11, 673, 338, 287, 5814, 1660, 290, 340, 338, 407, 319, 477, 262, 986, 51063], "temperature": 0.0, "avg_logprob": -0.4625936084323459, "compression_ratio": 0.9122807017543859, "no_speech_prob": 0.00011958733375649899}], "language": "en", "label": 1}