{"text": " Breakfast. Okay, that's fine.", "segments": [{"id": 0, "seek": 0, "start": 0.0, "end": 3.0, "text": " Breakfast.", "tokens": [32175, 13], "temperature": 0.0, "avg_logprob": -0.7144950719980093, "compression_ratio": 0.7837837837837838, "no_speech_prob": 0.07391493022441864}, {"id": 1, "seek": 300, "start": 3.0, "end": 31.0, "text": " Okay, that's fine.", "tokens": [16805, 11, 326, 338, 3734, 13], "temperature": 0.0, "avg_logprob": -0.3781909942626953, "compression_ratio": 0.6923076923076923, "no_speech_prob": 0.007657146081328392}], "language": "en", "label": 1}