{"text": " That's it, good!", "segments": [{"id": 0, "seek": 0, "start": 0.0, "end": 4.8, "text": " That's it, good!", "tokens": [50363, 1320, 338, 340, 11, 922, 0, 50603], "temperature": 0.0, "avg_logprob": -0.6336416668362088, "compression_ratio": 0.6666666666666666, "no_speech_prob": 0.10477554798126221}], "language": "en", "label": 1}