{"text": " Okay, good. Okay, okay, okay.", "segments": [{"id": 0, "seek": 0, "start": 0.0, "end": 5.0, "text": " Okay, good.", "tokens": [16805, 11, 922, 13], "temperature": 0.0, "avg_logprob": -0.686055056254069, "compression_ratio": 1.1153846153846154, "no_speech_prob": 0.05881333723664284}, {"id": 1, "seek": 500, "start": 5.0, "end": 30.0, "text": " Okay, okay, okay.", "tokens": [50363, 16805, 11, 8788, 11, 8788, 13, 51613], "temperature": 0.0, "avg_logprob": -0.4640001191033257, "compression_ratio": 1.0, "no_speech_prob": 0.0001753290998749435}], "language": "en", "label": 1}