{"text": " Can you see anything else? I'm trying to figure out what this is right here. Okay, well that's fine, that's fine.", "segments": [{"id": 0, "seek": 0, "start": 0.0, "end": 7.0, "text": " Can you see anything else?", "tokens": [1680, 345, 766, 1997, 2073, 30], "temperature": 0.0, "avg_logprob": -0.5292872852749295, "compression_ratio": 1.1770833333333333, "no_speech_prob": 0.3315913677215576}, {"id": 1, "seek": 0, "start": 7.0, "end": 14.0, "text": " I'm trying to figure out what this is right here.", "tokens": [314, 1101, 2111, 284, 3785, 503, 644, 428, 318, 826, 994, 13], "temperature": 0.0, "avg_logprob": -0.5292872852749295, "compression_ratio": 1.1770833333333333, "no_speech_prob": 0.3315913677215576}, {"id": 2, "seek": 1400, "start": 14.0, "end": 34.0, "text": " Okay, well that's fine, that's fine.", "tokens": [50363, 16805, 11, 880, 326, 338, 3734, 11, 326, 338, 3734, 13, 51363], "temperature": 0.0, "avg_logprob": -0.38930136816842215, "compression_ratio": 1.0588235294117647, "no_speech_prob": 0.00043046794598922133}], "language": "en", "label": 1}