{"text": " is on the cabinet either that or the dishes she's dried. I'm not sure. There's water running over the sink. I guess that's not it.", "segments": [{"id": 0, "seek": 0, "start": 0.0, "end": 6.5, "text": " is on the cabinet either that or the dishes she's dried.", "tokens": [318, 319, 262, 13447, 2035, 326, 393, 262, 16759, 673, 338, 16577, 13], "temperature": 0.0, "avg_logprob": -0.24587213425409227, "compression_ratio": 1.2941176470588236, "no_speech_prob": 0.07200305163860321}, {"id": 1, "seek": 0, "start": 6.5, "end": 7.5, "text": " I'm not sure.", "tokens": [314, 1101, 407, 1654, 13], "temperature": 0.0, "avg_logprob": -0.24587213425409227, "compression_ratio": 1.2941176470588236, "no_speech_prob": 0.07200305163860321}, {"id": 2, "seek": 0, "start": 9.1, "end": 11.8, "text": " There's water running over the sink.", "tokens": [1318, 338, 1660, 2491, 625, 262, 14595, 13], "temperature": 0.0, "avg_logprob": -0.24587213425409227, "compression_ratio": 1.2941176470588236, "no_speech_prob": 0.07200305163860321}, {"id": 3, "seek": 1180, "start": 11.8, "end": 25.6, "text": " I guess that's not it.", "tokens": [50363, 314, 4724, 326, 338, 407, 340, 13, 51053], "temperature": 0.0, "avg_logprob": -0.3936509609222412, "compression_ratio": 0.7333333333333333, "no_speech_prob": 1.8631219063536264e-05}], "language": "en", "label": 1}