{"text": " Okay. And she's spilled some water and stepping in it. Okay.", "segments": [{"id": 0, "seek": 0, "start": 0.0, "end": 1.0, "text": " Okay.", "tokens": [16805, 13], "temperature": 0.0, "avg_logprob": -0.5405820499766957, "compression_ratio": 0.967741935483871, "no_speech_prob": 0.1666136533021927}, {"id": 1, "seek": 0, "start": 1.0, "end": 6.0, "text": " And she's spilled some water and stepping in it.", "tokens": [843, 673, 338, 31896, 617, 1660, 290, 17413, 287, 340, 13], "temperature": 0.0, "avg_logprob": -0.5405820499766957, "compression_ratio": 0.967741935483871, "no_speech_prob": 0.1666136533021927}, {"id": 2, "seek": 600, "start": 6.0, "end": 35.0, "text": " Okay.", "tokens": [16805, 13], "temperature": 0.0, "avg_logprob": -0.33785231908162433, "compression_ratio": 0.38461538461538464, "no_speech_prob": 0.00012729935406241566}], "language": "en", "label": 1}