{"text": " What's happening over here? Oh he's gonna fall. And she's laughing at them. I don't know what else.", "segments": [{"id": 0, "seek": 0, "start": 0.0, "end": 9.52, "text": " What's happening over here?", "tokens": [1867, 338, 5836, 625, 994, 30], "temperature": 0.0, "avg_logprob": -0.5452994210379464, "compression_ratio": 1.0879120879120878, "no_speech_prob": 0.18865332007408142}, {"id": 1, "seek": 0, "start": 9.52, "end": 14.76, "text": " Oh he's gonna fall.", "tokens": [3966, 339, 338, 8066, 2121, 13], "temperature": 0.0, "avg_logprob": -0.5452994210379464, "compression_ratio": 1.0879120879120878, "no_speech_prob": 0.18865332007408142}, {"id": 2, "seek": 0, "start": 14.76, "end": 19.080000000000002, "text": " And she's laughing at them.", "tokens": [843, 673, 338, 14376, 379, 606, 13], "temperature": 0.0, "avg_logprob": -0.5452994210379464, "compression_ratio": 1.0879120879120878, "no_speech_prob": 0.18865332007408142}, {"id": 3, "seek": 1908, "start": 19.08, "end": 37.32, "text": " I don't know what else.", "tokens": [314, 836, 470, 760, 644, 2073, 13], "temperature": 0.4, "avg_logprob": -0.878959135575728, "compression_ratio": 0.7419354838709677, "no_speech_prob": 3.0240082196542062e-05}], "language": "en", "label": 1}