{"text": " or a plate maybe. There's some shrubs outside. The sink is overflowing right now. The sink is over.", "segments": [{"id": 0, "seek": 0, "start": 0.0, "end": 29.46, "text": " or a plate maybe. There's some shrubs outside. The sink is overflowing right now. The sink", "tokens": [393, 257, 7480, 3863, 13, 1318, 338, 617, 10157, 23161, 2354, 13, 383, 14595, 318, 43347, 826, 783, 13, 383, 14595], "temperature": 0.0, "avg_logprob": -0.2668182373046875, "compression_ratio": 1.125, "no_speech_prob": 0.5658032298088074}, {"id": 1, "seek": 2946, "start": 29.46, "end": 29.96, "text": " is over.", "tokens": [50363, 318, 625, 13, 50388], "temperature": 0.0, "avg_logprob": -0.327043354511261, "compression_ratio": 0.5, "no_speech_prob": 9.666025107435416e-06}], "language": "en", "label": 1}