{"text": " Was there anything else in that picture you want to tell me or do you think you've told me everything? Okay, thank you. All right.", "segments": [{"id": 0, "seek": 0, "start": 0.0, "end": 6.2, "text": " Was there anything else in that picture you want to tell me or do you think you've told", "tokens": [8920, 612, 1997, 2073, 287, 326, 4286, 345, 765, 284, 1560, 502, 393, 466, 345, 892, 345, 1053, 1297], "temperature": 0.0, "avg_logprob": -0.3303297946327611, "compression_ratio": 1.2427184466019416, "no_speech_prob": 0.18828701972961426}, {"id": 1, "seek": 0, "start": 6.2, "end": 7.2, "text": " me everything?", "tokens": [502, 2279, 30], "temperature": 0.0, "avg_logprob": -0.3303297946327611, "compression_ratio": 1.2427184466019416, "no_speech_prob": 0.18828701972961426}, {"id": 2, "seek": 0, "start": 7.2, "end": 8.2, "text": " Okay, thank you.", "tokens": [16805, 11, 5875, 345, 13], "temperature": 0.0, "avg_logprob": -0.3303297946327611, "compression_ratio": 1.2427184466019416, "no_speech_prob": 0.18828701972961426}, {"id": 3, "seek": 820, "start": 8.2, "end": 38.06, "text": " All right.", "tokens": [50363, 1439, 826, 13, 51856], "temperature": 1.0, "avg_logprob": -1.187203327814738, "compression_ratio": 0.5555555555555556, "no_speech_prob": 7.48395177652128e-05}], "language": "en", "label": 1}