{"text": " There's pickets on the sink. It watching there.", "segments": [{"id": 0, "seek": 0, "start": 0.0, "end": 14.280000000000001, "text": " There's pickets on the sink.", "tokens": [1318, 338, 2298, 1039, 319, 262, 14595, 13], "temperature": 0.0, "avg_logprob": -0.6471827030181885, "compression_ratio": 0.7777777777777778, "no_speech_prob": 0.14406482875347137}, {"id": 1, "seek": 1428, "start": 14.28, "end": 30.1, "text": " It watching there.", "tokens": [50363, 632, 4964, 612, 13, 51154], "temperature": 1.0, "avg_logprob": -3.661879675728934, "compression_ratio": 0.6923076923076923, "no_speech_prob": 3.0240786145441234e-05}], "language": "en", "label": 1}