{"text": " The woman left her boss running and then it rolled over the floor. It's bad enough for me to do. Is that it? Let me scan it a little bit more.", "segments": [{"id": 0, "seek": 0, "start": 0.0, "end": 5.0, "text": " The woman left her boss running and then it rolled over the floor.", "tokens": [383, 2415, 1364, 607, 6478, 2491, 290, 788, 340, 11686, 625, 262, 4314, 13], "temperature": 0.0, "avg_logprob": -0.4480051892869016, "compression_ratio": 1.2478632478632479, "no_speech_prob": 0.1236974224448204}, {"id": 1, "seek": 0, "start": 5.0, "end": 8.0, "text": " It's bad enough for me to do.", "tokens": [632, 338, 2089, 1576, 329, 502, 284, 466, 13], "temperature": 0.0, "avg_logprob": -0.4480051892869016, "compression_ratio": 1.2478632478632479, "no_speech_prob": 0.1236974224448204}, {"id": 2, "seek": 0, "start": 8.0, "end": 10.0, "text": " Is that it?", "tokens": [1148, 326, 340, 30], "temperature": 0.0, "avg_logprob": -0.4480051892869016, "compression_ratio": 1.2478632478632479, "no_speech_prob": 0.1236974224448204}, {"id": 3, "seek": 1000, "start": 10.0, "end": 30.0, "text": " Let me scan it a little bit more.", "tokens": [50363, 3914, 502, 9367, 340, 257, 1310, 1643, 517, 13, 51363], "temperature": 0.0, "avg_logprob": -0.22516870498657227, "compression_ratio": 0.8461538461538461, "no_speech_prob": 9.027157648233697e-05}], "language": "en", "label": 1}