{"text": " The girl may be saying, say, ha, ha, ha, I told you so, or something like that. And I guess this must be the wife, although it might not be, because maybe that was an apron, and maybe this was the...", "segments": [{"id": 0, "seek": 0, "start": 0.0, "end": 8.48, "text": " The girl may be saying, say, ha, ha, ha, I told you so, or something like that.", "tokens": [383, 2576, 743, 307, 2282, 11, 910, 11, 387, 11, 387, 11, 387, 11, 314, 1297, 345, 523, 11, 393, 1223, 588, 326, 13], "temperature": 0.0, "avg_logprob": -0.33869469840571564, "compression_ratio": 1.3410852713178294, "no_speech_prob": 0.12151219695806503}, {"id": 1, "seek": 0, "start": 8.48, "end": 20.72, "text": " And I guess this must be the wife, although it might not be, because maybe that was an apron,", "tokens": [843, 314, 4724, 428, 1276, 307, 262, 3656, 11, 3584, 340, 1244, 407, 307, 11, 780, 3863, 326, 373, 281, 257, 31186, 11], "temperature": 0.0, "avg_logprob": -0.33869469840571564, "compression_ratio": 1.3410852713178294, "no_speech_prob": 0.12151219695806503}, {"id": 2, "seek": 2072, "start": 20.72, "end": 29.92, "text": " and maybe this was the...", "tokens": [50363, 290, 3863, 428, 373, 262, 986, 50823], "temperature": 0.0, "avg_logprob": -0.6258407698737251, "compression_ratio": 0.8064516129032258, "no_speech_prob": 3.120064502581954e-05}], "language": "en", "label": 1}