{"text": " I don't know whether she's laughing or asking for the cookie or saying she's so mother doesn't hear them. I don't know.", "segments": [{"id": 0, "seek": 0, "start": 0.0, "end": 11.16, "text": " I don't know whether she's laughing or asking for the cookie or saying she's so mother doesn't", "tokens": [314, 836, 470, 760, 1771, 673, 338, 14376, 393, 4737, 329, 262, 19751, 393, 2282, 673, 338, 523, 2802, 1595, 470], "temperature": 0.0, "avg_logprob": -0.4873628327340791, "compression_ratio": 1.2197802197802199, "no_speech_prob": 0.256682813167572}, {"id": 1, "seek": 0, "start": 11.16, "end": 12.16, "text": " hear them.", "tokens": [3285, 606, 13], "temperature": 0.0, "avg_logprob": -0.4873628327340791, "compression_ratio": 1.2197802197802199, "no_speech_prob": 0.256682813167572}, {"id": 2, "seek": 1216, "start": 12.16, "end": 35.8, "text": " I don't know.", "tokens": [314, 836, 470, 760, 13], "temperature": 0.0, "avg_logprob": -0.9276473787095811, "compression_ratio": 0.6190476190476191, "no_speech_prob": 0.00026940598036162555}], "language": "en", "label": 1}