{"text": " Two cups facing off in the direction. One plate to the right of the cups. Curtains flowing in the breeze of the wind.", "segments": [{"id": 0, "seek": 0, "start": 0.0, "end": 12.92, "text": " Two cups facing off in the direction.", "tokens": [4930, 14180, 6476, 572, 287, 262, 4571, 13], "temperature": 0.0, "avg_logprob": -0.313562766365383, "compression_ratio": 1.028169014084507, "no_speech_prob": 0.06350322812795639}, {"id": 1, "seek": 0, "start": 12.92, "end": 23.2, "text": " One plate to the right of the cups.", "tokens": [1881, 7480, 284, 262, 826, 286, 262, 14180, 13], "temperature": 0.0, "avg_logprob": -0.313562766365383, "compression_ratio": 1.028169014084507, "no_speech_prob": 0.06350322812795639}, {"id": 2, "seek": 2320, "start": 23.2, "end": 30.0, "text": " Curtains flowing in the breeze of the wind.", "tokens": [50363, 19569, 1299, 17609, 287, 262, 28633, 286, 262, 2344, 13, 50703], "temperature": 0.0, "avg_logprob": -0.4592238939725436, "compression_ratio": 0.9347826086956522, "no_speech_prob": 9.759922249941155e-05}], "language": "en", "label": 1}