{"text": " drying the dishes and she spilled water all over the place at the sink. She also has some cups and a dish sitting there. Her curtains you can see real well. Ah, what else? That's about it. Okay fine, thank you.", "segments": [{"id": 0, "seek": 0, "start": 0.0, "end": 9.52, "text": " drying the dishes and she spilled water all over the place at the sink. She also has some cups and", "tokens": [29621, 262, 16759, 290, 673, 31896, 1660, 477, 625, 262, 1295, 379, 262, 14595, 13, 1375, 635, 468, 617, 14180, 290], "temperature": 0.0, "avg_logprob": -0.38635276925974876, "compression_ratio": 1.388157894736842, "no_speech_prob": 0.0759458988904953}, {"id": 1, "seek": 0, "start": 9.52, "end": 21.2, "text": " a dish sitting there. Her curtains you can see real well. Ah, what else? That's about it.", "tokens": [257, 9433, 5586, 612, 13, 2332, 41160, 345, 460, 766, 1103, 880, 13, 7900, 11, 644, 2073, 30, 1320, 338, 546, 340, 13], "temperature": 0.0, "avg_logprob": -0.38635276925974876, "compression_ratio": 1.388157894736842, "no_speech_prob": 0.0759458988904953}, {"id": 2, "seek": 2120, "start": 21.2, "end": 30.479999999999997, "text": " Okay fine, thank you.", "tokens": [50363, 16805, 3734, 11, 5875, 345, 13, 50827], "temperature": 0.0, "avg_logprob": -0.5906954341464572, "compression_ratio": 0.7241379310344828, "no_speech_prob": 0.00011060253018513322}], "language": "en", "label": 1}