{"text": " washing this dishes that they already had it and she's washing the dishes away from them. And it looks that way. She's cleaning it you know.", "segments": [{"id": 0, "seek": 0, "start": 0.0, "end": 5.6000000000000005, "text": " washing this dishes that they already had it and she's washing the dishes away from them.", "tokens": [20518, 428, 16759, 326, 484, 1541, 550, 340, 290, 673, 338, 20518, 262, 16759, 1497, 422, 606, 13], "temperature": 0.0, "avg_logprob": -0.35147343741522896, "compression_ratio": 1.2924528301886793, "no_speech_prob": 0.012795285321772099}, {"id": 1, "seek": 560, "start": 5.6, "end": 30.560000000000002, "text": " And it looks that way. She's cleaning it you know.", "tokens": [50363, 843, 340, 3073, 326, 835, 13, 1375, 338, 12724, 340, 345, 760, 13, 51611], "temperature": 0.0, "avg_logprob": -0.4649405777454376, "compression_ratio": 0.8928571428571429, "no_speech_prob": 0.0002867997973226011}], "language": "en", "label": 1}