{"text": " What else is happening? The father isn't coming. Father didn't come in yet. And that baby is getting pretty.", "segments": [{"id": 0, "seek": 0, "start": 0.0, "end": 13.120000000000001, "text": " What else is happening?", "tokens": [1867, 2073, 318, 5836, 30], "temperature": 0.0, "avg_logprob": -0.5711708802443284, "compression_ratio": 1.0714285714285714, "no_speech_prob": 0.5911165475845337}, {"id": 1, "seek": 0, "start": 13.120000000000001, "end": 18.88, "text": " The father isn't coming.", "tokens": [383, 2988, 2125, 470, 2406, 13], "temperature": 0.0, "avg_logprob": -0.5711708802443284, "compression_ratio": 1.0714285714285714, "no_speech_prob": 0.5911165475845337}, {"id": 2, "seek": 0, "start": 18.88, "end": 20.88, "text": " Father didn't come in yet.", "tokens": [9190, 1422, 470, 1282, 287, 1865, 13], "temperature": 0.0, "avg_logprob": -0.5711708802443284, "compression_ratio": 1.0714285714285714, "no_speech_prob": 0.5911165475845337}, {"id": 3, "seek": 2088, "start": 20.88, "end": 30.0, "text": " And that baby is getting pretty.", "tokens": [50363, 843, 326, 5156, 318, 1972, 2495, 13, 50819], "temperature": 0.0, "avg_logprob": -0.596940279006958, "compression_ratio": 0.8421052631578947, "no_speech_prob": 7.484078378183767e-05}], "language": "en", "label": 1}