{"text": " Okay.", "segments": [{"id": 0, "seek": 0, "start": 0.0, "end": 6.5, "text": " Okay.", "tokens": [50363, 16805, 13, 50688], "temperature": 0.0, "avg_logprob": -0.6222332954406739, "compression_ratio": 0.38461538461538464, "no_speech_prob": 0.11763323843479156}], "language": "en", "label": 1}