{"text": " The little boy is up on this thing here, and he's up trying to get something out of the garden selection, I think it is. The little girl, I think, is mad because she didn't get some of it. Here's mama drying the dishes.", "segments": [{"id": 0, "seek": 0, "start": 0.0, "end": 11.0, "text": " The little boy is up on this thing here, and he's up trying to get something out of the", "tokens": [383, 1310, 2933, 318, 510, 319, 428, 1517, 994, 11, 290, 339, 338, 510, 2111, 284, 651, 1223, 503, 286, 262], "temperature": 0.0, "avg_logprob": -0.2833365873856978, "compression_ratio": 1.4573643410852712, "no_speech_prob": 0.06994857639074326}, {"id": 1, "seek": 0, "start": 11.0, "end": 16.12, "text": " garden selection, I think it is.", "tokens": [11376, 6356, 11, 314, 892, 340, 318, 13], "temperature": 0.0, "avg_logprob": -0.2833365873856978, "compression_ratio": 1.4573643410852712, "no_speech_prob": 0.06994857639074326}, {"id": 2, "seek": 0, "start": 16.12, "end": 26.6, "text": " The little girl, I think, is mad because she didn't get some of it.", "tokens": [383, 1310, 2576, 11, 314, 892, 11, 318, 8805, 780, 673, 1422, 470, 651, 617, 286, 340, 13], "temperature": 0.0, "avg_logprob": -0.2833365873856978, "compression_ratio": 1.4573643410852712, "no_speech_prob": 0.06994857639074326}, {"id": 3, "seek": 2660, "start": 26.6, "end": 29.76, "text": " Here's mama drying the dishes.", "tokens": [50363, 3423, 338, 285, 1689, 29621, 262, 16759, 13, 50521], "temperature": 0.0, "avg_logprob": -0.37136511369185016, "compression_ratio": 0.7894736842105263, "no_speech_prob": 8.397912097279914e-06}], "language": "en", "label": 1}