{"text": " And she's not even watching what she's doing. I was just seeing the water running over.", "segments": [{"id": 0, "seek": 0, "start": 0.0, "end": 3.0, "text": " And she's not even watching what she's doing.", "tokens": [843, 673, 338, 407, 772, 4964, 644, 673, 338, 1804, 13], "temperature": 0.0, "avg_logprob": -0.36247422144963193, "compression_ratio": 1.1866666666666668, "no_speech_prob": 0.10036782175302505}, {"id": 1, "seek": 300, "start": 3.0, "end": 31.0, "text": " I was just seeing the water running over.", "tokens": [50363, 314, 373, 655, 4379, 262, 1660, 2491, 625, 13, 51763], "temperature": 0.0, "avg_logprob": -0.32111233472824097, "compression_ratio": 0.9111111111111111, "no_speech_prob": 0.0002511368948034942}], "language": "en", "label": 1}