{"text": " As a pathway, we don't know where the pathway is going to because we can't see it down below. And it looks like there's some flowers in the bushes or something like that.", "segments": [{"id": 0, "seek": 0, "start": 0.0, "end": 16.28, "text": " As a pathway, we don't know where the pathway is going to because we can't see it down below.", "tokens": [1081, 257, 21182, 11, 356, 836, 470, 760, 810, 262, 21182, 318, 1016, 284, 780, 356, 460, 470, 766, 340, 866, 2174, 13], "temperature": 0.0, "avg_logprob": -0.267513151522036, "compression_ratio": 1.1481481481481481, "no_speech_prob": 0.05872352048754692}, {"id": 1, "seek": 1628, "start": 16.28, "end": 30.0, "text": " And it looks like there's some flowers in the bushes or something like that.", "tokens": [50363, 843, 340, 3073, 588, 612, 338, 617, 12734, 287, 262, 37413, 393, 1223, 588, 326, 13, 51049], "temperature": 0.0, "avg_logprob": -0.22295713424682617, "compression_ratio": 1.0704225352112675, "no_speech_prob": 2.885531102947425e-05}], "language": "en", "label": 1}