{"text": " water on the floor. Little boy is going to fall when that steps in that air. So, I think the cook jar is going to fall. And it's drying dishes and water faucets on, water is running all over the floor.", "segments": [{"id": 0, "seek": 0, "start": 0.0, "end": 7.0, "text": " water on the floor. Little boy is going to fall when that steps in that air. So, I think", "tokens": [1660, 319, 262, 4314, 13, 7703, 2933, 318, 1016, 284, 2121, 618, 326, 4831, 287, 326, 1633, 13, 1406, 11, 314, 892], "temperature": 0.0, "avg_logprob": -0.5565535975437538, "compression_ratio": 1.4140625, "no_speech_prob": 0.02426360733807087}, {"id": 1, "seek": 0, "start": 15.36, "end": 22.36, "text": " the cook jar is going to fall. And it's drying dishes and water faucets on, water is running", "tokens": [262, 4255, 17379, 318, 1016, 284, 2121, 13, 843, 340, 338, 29621, 16759, 290, 1660, 277, 14272, 1039, 319, 11, 1660, 318, 2491], "temperature": 0.0, "avg_logprob": -0.5565535975437538, "compression_ratio": 1.4140625, "no_speech_prob": 0.02426360733807087}, {"id": 2, "seek": 2236, "start": 22.36, "end": 29.36, "text": " all over the floor.", "tokens": [50363, 477, 625, 262, 4314, 13, 50713], "temperature": 0.0, "avg_logprob": -0.061363205313682556, "compression_ratio": 0.7037037037037037, "no_speech_prob": 1.1726323236871394e-06}], "language": "en", "label": 1}