{"text": " I'm gonna go out of the sink. Out of the sink, I should say. Okay, great.", "segments": [{"id": 0, "seek": 0, "start": 0.0, "end": 2.0, "text": " I'm gonna go out of the sink.", "tokens": [314, 1101, 8066, 467, 503, 286, 262, 14595, 13], "temperature": 0.0, "avg_logprob": -0.44845702730376147, "compression_ratio": 1.106060606060606, "no_speech_prob": 0.0799269750714302}, {"id": 1, "seek": 0, "start": 2.0, "end": 4.0, "text": " Out of the sink, I should say.", "tokens": [3806, 286, 262, 14595, 11, 314, 815, 910, 13], "temperature": 0.0, "avg_logprob": -0.44845702730376147, "compression_ratio": 1.106060606060606, "no_speech_prob": 0.0799269750714302}, {"id": 2, "seek": 400, "start": 4.0, "end": 33.0, "text": " Okay, great.", "tokens": [50363, 16805, 11, 1049, 13, 51813], "temperature": 0.0, "avg_logprob": -0.39901280403137207, "compression_ratio": 0.6, "no_speech_prob": 0.0014768191613256931}], "language": "en", "label": 1}