{"text": " Okay.", "segments": [{"id": 0, "seek": 0, "start": 0.0, "end": 7.0, "text": " Okay.", "tokens": [50363, 16805, 13, 50713], "temperature": 0.0, "avg_logprob": -0.927769660949707, "compression_ratio": 0.38461538461538464, "no_speech_prob": 0.27343541383743286}], "language": "en", "label": 1}