{"text": " And as I say, there aren't any knobs on the bottom. Go open these. Let's go open these Braswells thank you very much.", "segments": [{"id": 0, "seek": 0, "start": 0.0, "end": 12.8, "text": " And as I say, there aren't any knobs on the bottom.", "tokens": [843, 355, 314, 910, 11, 612, 3588, 470, 597, 638, 8158, 319, 262, 4220, 13], "temperature": 0.0, "avg_logprob": -0.44234397888183596, "compression_ratio": 0.9705882352941176, "no_speech_prob": 0.27054890990257263}, {"id": 1, "seek": 0, "start": 12.8, "end": 13.8, "text": " Go open these.", "tokens": [1514, 1280, 777, 13], "temperature": 0.0, "avg_logprob": -0.44234397888183596, "compression_ratio": 0.9705882352941176, "no_speech_prob": 0.27054890990257263}, {"id": 2, "seek": 1380, "start": 13.8, "end": 32.8, "text": " Let's go open these Braswells thank you very much.", "tokens": [3914, 338, 467, 1280, 777, 39452, 4053, 82, 5875, 345, 845, 881, 13], "temperature": 1.0, "avg_logprob": -2.7075538635253906, "compression_ratio": 0.8928571428571429, "no_speech_prob": 0.00020985002629458904}], "language": "en", "label": 1}