{"text": " Okay, good.", "segments": [{"id": 0, "seek": 0, "start": 0.0, "end": 11.36, "text": " Okay, good.", "tokens": [50363, 16805, 11, 922, 13, 50931], "temperature": 0.4, "avg_logprob": -0.6067024639674595, "compression_ratio": 0.5789473684210527, "no_speech_prob": 0.11112786829471588}], "language": "en", "label": 1}