{"text": " sink down under the floor, splashing under his shoes. Alright, there are two cups and a plate on the counter to the right of the sink and a boy, well I did tell you the boy was getting ready to fall off the chair. His sister is reaching up for a cookie and the door is open for us to get into the cupboard.", "segments": [{"id": 0, "seek": 0, "start": 0.0, "end": 7.140000000000001, "text": " sink down under the floor, splashing under his shoes. Alright, there are two cups and", "tokens": [14595, 866, 739, 262, 4314, 11, 4328, 2140, 739, 465, 10012, 13, 40967, 11, 612, 389, 734, 14180, 290], "temperature": 0.0, "avg_logprob": -0.44002143074484434, "compression_ratio": 1.5757575757575757, "no_speech_prob": 0.43459832668304443}, {"id": 1, "seek": 0, "start": 7.140000000000001, "end": 17.42, "text": " a plate on the counter to the right of the sink and a boy, well I did tell you the boy", "tokens": [257, 7480, 319, 262, 3753, 284, 262, 826, 286, 262, 14595, 290, 257, 2933, 11, 880, 314, 750, 1560, 345, 262, 2933], "temperature": 0.0, "avg_logprob": -0.44002143074484434, "compression_ratio": 1.5757575757575757, "no_speech_prob": 0.43459832668304443}, {"id": 2, "seek": 0, "start": 17.42, "end": 27.580000000000002, "text": " was getting ready to fall off the chair. His sister is reaching up for a cookie and the", "tokens": [373, 1972, 3492, 284, 2121, 572, 262, 5118, 13, 2399, 6621, 318, 8978, 510, 329, 257, 19751, 290, 262], "temperature": 0.0, "avg_logprob": -0.44002143074484434, "compression_ratio": 1.5757575757575757, "no_speech_prob": 0.43459832668304443}, {"id": 3, "seek": 2758, "start": 27.58, "end": 29.68, "text": " door is open for us to get into the cupboard.", "tokens": [50363, 3420, 318, 1280, 329, 514, 284, 651, 656, 262, 6508, 3526, 13, 50468], "temperature": 0.0, "avg_logprob": -0.2795530319213867, "compression_ratio": 0.9, "no_speech_prob": 5.338069513527444e-06}], "language": "en", "label": 1}