{"text": " What else can you see going on in that picture? Someone's standing on the stool and the stool is getting ready to fall over. Okay.", "segments": [{"id": 0, "seek": 0, "start": 0.0, "end": 14.0, "text": " What else can you see going on in that picture?", "tokens": [1867, 2073, 460, 345, 766, 1016, 319, 287, 326, 4286, 30], "temperature": 0.0, "avg_logprob": -0.3684312936031457, "compression_ratio": 1.2525252525252526, "no_speech_prob": 0.2785303294658661}, {"id": 1, "seek": 0, "start": 14.0, "end": 25.0, "text": " Someone's standing on the stool and the stool is getting ready to fall over.", "tokens": [17877, 338, 5055, 319, 262, 38753, 290, 262, 38753, 318, 1972, 3492, 284, 2121, 625, 13], "temperature": 0.0, "avg_logprob": -0.3684312936031457, "compression_ratio": 1.2525252525252526, "no_speech_prob": 0.2785303294658661}, {"id": 2, "seek": 2500, "start": 25.0, "end": 30.0, "text": " Okay.", "tokens": [50363, 16805, 13, 50613], "temperature": 0.0, "avg_logprob": -0.4090376853942871, "compression_ratio": 0.38461538461538464, "no_speech_prob": 2.7968877475359477e-05}], "language": "en", "label": 1}