{"text": " the sink down it came splashing down that's the first I noticed it I'm terrible anymore no okay good", "segments": [{"id": 0, "seek": 0, "start": 0.0, "end": 8.8, "text": " the sink down it came splashing down that's the first I noticed it I'm", "tokens": [262, 14595, 866, 340, 1625, 4328, 2140, 866, 326, 338, 262, 717, 314, 6810, 340, 314, 1101], "temperature": 0.0, "avg_logprob": -0.3502510877755972, "compression_ratio": 1.144578313253012, "no_speech_prob": 0.09152153134346008}, {"id": 1, "seek": 880, "start": 8.8, "end": 30.28, "text": " terrible anymore no okay good", "tokens": [50363, 7818, 7471, 645, 8788, 922, 51437], "temperature": 0.0, "avg_logprob": -0.6941668391227722, "compression_ratio": 0.7837837837837838, "no_speech_prob": 0.00026110743056051433}], "language": "en", "label": 1}