{"text": " And Big Sis watching the dishes at the sink. Big Sis watching the dishes and she's got dishes on the sink, sitting on the sink.", "segments": [{"id": 0, "seek": 0, "start": 0.0, "end": 7.0, "text": " And Big Sis watching the dishes at the sink.", "tokens": [843, 4403, 311, 271, 4964, 262, 16759, 379, 262, 14595, 13], "temperature": 0.0, "avg_logprob": -0.6673371195793152, "compression_ratio": 1.5820895522388059, "no_speech_prob": 0.010285935364663601}, {"id": 1, "seek": 0, "start": 25.2, "end": 29.2, "text": " Big Sis watching the dishes and she's got dishes on the sink,", "tokens": [4403, 311, 271, 4964, 262, 16759, 290, 673, 338, 1392, 16759, 319, 262, 14595, 11], "temperature": 0.0, "avg_logprob": -0.6673371195793152, "compression_ratio": 1.5820895522388059, "no_speech_prob": 0.010285935364663601}, {"id": 2, "seek": 2920, "start": 29.2, "end": 31.2, "text": " sitting on the sink.", "tokens": [50363, 5586, 319, 262, 14595, 13, 50463], "temperature": 0.0, "avg_logprob": -0.3423912525177002, "compression_ratio": 0.7142857142857143, "no_speech_prob": 9.818237231229432e-06}], "language": "en", "label": 1}