{"text": " So, that's your part of the movement, this part of the tree. There are doors on the cabinets of the sink. Yeah, and straight line.", "segments": [{"id": 0, "seek": 0, "start": 0.0, "end": 7.0, "text": " So, that's your part of the movement, this part of the tree.", "tokens": [1406, 11, 326, 338, 534, 636, 286, 262, 3356, 11, 428, 636, 286, 262, 5509, 13], "temperature": 0.0, "avg_logprob": -0.6616726925498561, "compression_ratio": 1.26, "no_speech_prob": 0.4118545949459076}, {"id": 1, "seek": 0, "start": 7.0, "end": 19.0, "text": " There are doors on the cabinets of the sink.", "tokens": [1318, 389, 8215, 319, 262, 43064, 286, 262, 14595, 13], "temperature": 0.0, "avg_logprob": -0.6616726925498561, "compression_ratio": 1.26, "no_speech_prob": 0.4118545949459076}, {"id": 2, "seek": 1900, "start": 19.0, "end": 30.0, "text": " Yeah, and straight line.", "tokens": [50363, 9425, 11, 290, 3892, 1627, 13, 50913], "temperature": 0.0, "avg_logprob": -0.5763803058200412, "compression_ratio": 0.75, "no_speech_prob": 0.00015116350550670177}], "language": "en", "label": 1}