{"text": " wiping dishes. The water in the sink is overflowing. There are cups and dishes on the sand. The site through the window of green grass, bushes, window from the house with drapes. This shows the roof of the house and the tree.", "segments": [{"id": 0, "seek": 0, "start": 0.0, "end": 14.36, "text": " wiping dishes. The water in the sink is overflowing. There are cups and dishes on the sand. The", "tokens": [36906, 16759, 13, 383, 1660, 287, 262, 14595, 318, 43347, 13, 1318, 389, 14180, 290, 16759, 319, 262, 6450, 13, 383], "temperature": 0.0, "avg_logprob": -0.17659654219945273, "compression_ratio": 1.512, "no_speech_prob": 0.006163382902741432}, {"id": 1, "seek": 0, "start": 14.36, "end": 25.38, "text": " site through the window of green grass, bushes, window from the house with drapes. This shows", "tokens": [2524, 832, 262, 4324, 286, 4077, 8701, 11, 37413, 11, 4324, 422, 262, 2156, 351, 288, 2416, 274, 13, 770, 2523], "temperature": 0.0, "avg_logprob": -0.17659654219945273, "compression_ratio": 1.512, "no_speech_prob": 0.006163382902741432}, {"id": 2, "seek": 2538, "start": 25.38, "end": 29.919999999999998, "text": " the roof of the house and the tree.", "tokens": [50363, 262, 9753, 286, 262, 2156, 290, 262, 5509, 13, 50590], "temperature": 0.0, "avg_logprob": -0.32158495982487995, "compression_ratio": 0.9459459459459459, "no_speech_prob": 7.766820999677293e-06}], "language": "en", "label": 1}