{"text": " Okay. Okay.", "segments": [{"id": 0, "seek": 0, "start": 0.0, "end": 1.0, "text": " Okay.", "tokens": [16805, 13], "temperature": 0.0, "avg_logprob": -0.5080566839738325, "compression_ratio": 0.9577464788732394, "no_speech_prob": 0.16443994641304016}, {"id": 1, "seek": 100, "start": 1.0, "end": 30.0, "text": " Okay.", "tokens": [16805, 13], "temperature": 0.0, "avg_logprob": -0.457225243250529, "compression_ratio": 0.38461538461538464, "no_speech_prob": 0.001158336061052978}], "language": "en", "label": 1}