{"text": " Okay, is that everything you see happening? Yes. One.", "segments": [{"id": 0, "seek": 0, "start": 0.0, "end": 3.6, "text": " Okay, is that everything you see happening?", "tokens": [16805, 11, 318, 326, 2279, 345, 766, 5836, 30], "temperature": 0.0, "avg_logprob": -0.44189856269142846, "compression_ratio": 0.9375, "no_speech_prob": 0.06095244735479355}, {"id": 1, "seek": 0, "start": 3.6, "end": 4.6000000000000005, "text": " Yes.", "tokens": [3363, 13], "temperature": 0.0, "avg_logprob": -0.44189856269142846, "compression_ratio": 0.9375, "no_speech_prob": 0.06095244735479355}, {"id": 2, "seek": 460, "start": 4.6, "end": 33.6, "text": " One.", "tokens": [1881, 13], "temperature": 0.0, "avg_logprob": -0.9632152716318766, "compression_ratio": 0.3333333333333333, "no_speech_prob": 0.0006021257140673697}], "language": "en", "label": 1}