{"text": " up in the air okay anything else copyright 1972 by lee okay okay good", "segments": [{"id": 0, "seek": 0, "start": 0.0, "end": 3.84, "text": " up in the air okay", "tokens": [510, 287, 262, 1633, 8788], "temperature": 0.0, "avg_logprob": -0.5222635269165039, "compression_ratio": 1.0, "no_speech_prob": 0.02127225324511528}, {"id": 1, "seek": 0, "start": 9.200000000000001, "end": 11.92, "text": " anything else", "tokens": [1997, 2073], "temperature": 0.0, "avg_logprob": -0.5222635269165039, "compression_ratio": 1.0, "no_speech_prob": 0.02127225324511528}, {"id": 2, "seek": 0, "start": 13.36, "end": 20.240000000000002, "text": " copyright 1972 by lee okay", "tokens": [6634, 16101, 416, 443, 68, 8788], "temperature": 0.0, "avg_logprob": -0.5222635269165039, "compression_ratio": 1.0, "no_speech_prob": 0.02127225324511528}, {"id": 3, "seek": 2024, "start": 20.24, "end": 28.4, "text": " okay good", "tokens": [50363, 8788, 922, 50771], "temperature": 0.0, "avg_logprob": -0.7097244262695312, "compression_ratio": 0.5294117647058824, "no_speech_prob": 2.3922500986373052e-05}], "language": "en", "label": 1}