{"text": " Good. Okay.", "segments": [{"id": 0, "seek": 0, "start": 0.0, "end": 1.0, "text": " Good.", "tokens": [4599, 13], "temperature": 0.0, "avg_logprob": -0.5682528813680013, "compression_ratio": 0.5789473684210527, "no_speech_prob": 0.0703742578625679}, {"id": 1, "seek": 100, "start": 1.0, "end": 30.0, "text": " Okay.", "tokens": [50363, 16805, 13, 51813], "temperature": 0.0, "avg_logprob": -0.4662139892578125, "compression_ratio": 0.38461538461538464, "no_speech_prob": 0.02888253703713417}], "language": "en", "label": 1}