{"text": " instead of getting the dishes all dry. That's all. I can tuck two cups in a plate. That's it. Thanks.", "segments": [{"id": 0, "seek": 0, "start": 0.0, "end": 3.0, "text": " instead of getting the dishes all dry.", "tokens": [2427, 286, 1972, 262, 16759, 477, 5894, 13], "temperature": 0.0, "avg_logprob": -0.36395868573869977, "compression_ratio": 1.1744186046511629, "no_speech_prob": 0.014617389999330044}, {"id": 1, "seek": 0, "start": 3.0, "end": 7.0, "text": " That's all. I can tuck two cups in a plate.", "tokens": [1320, 338, 477, 13, 314, 460, 256, 1347, 734, 14180, 287, 257, 7480, 13], "temperature": 0.0, "avg_logprob": -0.36395868573869977, "compression_ratio": 1.1744186046511629, "no_speech_prob": 0.014617389999330044}, {"id": 2, "seek": 700, "start": 7.0, "end": 31.0, "text": " That's it. Thanks.", "tokens": [50363, 1320, 338, 340, 13, 6930, 13, 51563], "temperature": 0.0, "avg_logprob": -0.3570619424184163, "compression_ratio": 0.6923076923076923, "no_speech_prob": 0.00043722635018639266}], "language": "en", "label": 1}