{"text": " Still weighs on. No more splashing out over the floor and she doesn't know it. Mm-hmm. And the boy might just look at the cookie jar and he might bang his head on the door.", "segments": [{"id": 0, "seek": 0, "start": 0.0, "end": 2.0, "text": " Still weighs on.", "tokens": [7831, 24034, 319, 13], "temperature": 0.0, "avg_logprob": -0.7335950274800145, "compression_ratio": 1.271186440677966, "no_speech_prob": 0.17216168344020844}, {"id": 1, "seek": 0, "start": 4.44, "end": 7.640000000000001, "text": " No more splashing out over the floor and she doesn't know it.", "tokens": [1400, 517, 4328, 2140, 503, 625, 262, 4314, 290, 673, 1595, 470, 760, 340, 13], "temperature": 0.0, "avg_logprob": -0.7335950274800145, "compression_ratio": 1.271186440677966, "no_speech_prob": 0.17216168344020844}, {"id": 2, "seek": 764, "start": 7.64, "end": 25.64, "text": " Mm-hmm. And the boy might just look at the cookie jar and he might bang his head on the door.", "tokens": [50363, 337, 76, 12, 71, 3020, 13, 843, 262, 2933, 1244, 655, 804, 379, 262, 19751, 17379, 290, 339, 1244, 20188, 465, 1182, 319, 262, 3420, 13, 51263], "temperature": 0.0, "avg_logprob": -0.42739075627820244, "compression_ratio": 1.1341463414634145, "no_speech_prob": 1.983210131584201e-05}], "language": "en", "label": 1}