{"text": " under him and she keeps holding her hand up waiting for another cookie. Okay, that's good.", "segments": [{"id": 0, "seek": 0, "start": 0.0, "end": 14.08, "text": " under him and she keeps holding her hand up waiting for another cookie.", "tokens": [739, 683, 290, 673, 7622, 4769, 607, 1021, 510, 4953, 329, 1194, 19751, 13], "temperature": 0.0, "avg_logprob": -0.38901007175445557, "compression_ratio": 1.1125, "no_speech_prob": 0.015334401279687881}, {"id": 1, "seek": 1408, "start": 14.08, "end": 30.479999999999997, "text": " Okay, that's good.", "tokens": [50363, 16805, 11, 326, 338, 922, 13, 51183], "temperature": 0.0, "avg_logprob": -0.7419223255581326, "compression_ratio": 0.6923076923076923, "no_speech_prob": 4.9857699195854366e-05}], "language": "en", "label": 1}