{"text": " Just tell me what's happening in the picture.", "segments": [{"id": 0, "seek": 0, "start": 0.0, "end": 2.0, "text": " Just tell me what's happening in the picture.", "tokens": [50363, 2329, 1560, 502, 644, 338, 5836, 287, 262, 4286, 13, 50463], "temperature": 0.0, "avg_logprob": -0.29474812287550706, "compression_ratio": 0.8490566037735849, "no_speech_prob": 0.032168395817279816}], "language": "en", "label": 1}