{"text": " like a oh that's a plate I guess and a cup and show us oh this is a lady here is it or isn't it right there that lady no huh I thought that's the one I had it this way it looks almost like a lady everything you see happening in there oh I just kind of", "segments": [{"id": 0, "seek": 0, "start": 0.0, "end": 6.24, "text": " like a oh that's a plate I guess and a cup and show us", "tokens": [588, 257, 11752, 326, 338, 257, 7480, 314, 4724, 290, 257, 6508, 290, 905, 514], "temperature": 0.0, "avg_logprob": -0.49334529188812754, "compression_ratio": 1.5970149253731343, "no_speech_prob": 0.3439657688140869}, {"id": 1, "seek": 0, "start": 15.24, "end": 23.0, "text": " oh this is a lady here is it or isn't it right there that lady no huh I thought", "tokens": [11752, 428, 318, 257, 10846, 994, 318, 340, 393, 2125, 470, 340, 826, 612, 326, 10846, 645, 24926, 314, 1807], "temperature": 0.0, "avg_logprob": -0.49334529188812754, "compression_ratio": 1.5970149253731343, "no_speech_prob": 0.3439657688140869}, {"id": 2, "seek": 0, "start": 23.0, "end": 26.6, "text": " that's the one I had it this way it looks almost like a lady everything you see", "tokens": [326, 338, 262, 530, 314, 550, 340, 428, 835, 340, 3073, 2048, 588, 257, 10846, 2279, 345, 766], "temperature": 0.0, "avg_logprob": -0.49334529188812754, "compression_ratio": 1.5970149253731343, "no_speech_prob": 0.3439657688140869}, {"id": 3, "seek": 2660, "start": 26.6, "end": 31.8, "text": " happening in there oh I just kind of", "tokens": [50363, 5836, 287, 612, 11752, 314, 655, 1611, 286, 50623], "temperature": 0.0, "avg_logprob": -0.583195382898504, "compression_ratio": 0.8181818181818182, "no_speech_prob": 1.2411243915266823e-05}], "language": "en", "label": 1}