{"text": " Here are two cups for coffee or something like that. Okay, thank you very much indeed.", "segments": [{"id": 0, "seek": 0, "start": 0.0, "end": 7.0, "text": " Here are two cups for coffee or something like that.", "tokens": [3423, 389, 734, 14180, 329, 6891, 393, 1223, 588, 326, 13], "temperature": 0.0, "avg_logprob": -0.5773269653320312, "compression_ratio": 1.1666666666666667, "no_speech_prob": 0.32140058279037476}, {"id": 1, "seek": 700, "start": 7.0, "end": 25.84, "text": " Okay, thank you very much indeed.", "tokens": [50363, 16805, 11, 5875, 345, 845, 881, 5600, 13, 51305], "temperature": 0.0, "avg_logprob": -0.4873792908408425, "compression_ratio": 0.8048780487804879, "no_speech_prob": 0.00015353404160123318}], "language": "en", "label": 1}