{"text": " Water and it's all on the floor going She has a dishcloth in her hand And the boy he's trying to get the cookies out of the jar for her And he's gonna fall over by the way the looks", "segments": [{"id": 0, "seek": 0, "start": 0.0, "end": 2.7800000000000002, "text": " Water and it's all on the floor going", "tokens": [5638, 290, 340, 338, 477, 319, 262, 4314, 1016], "temperature": 0.0, "avg_logprob": -0.29199840472294736, "compression_ratio": 1.3937007874015748, "no_speech_prob": 0.16346710920333862}, {"id": 1, "seek": 0, "start": 8.88, "end": 11.02, "text": " She has a dishcloth in her hand", "tokens": [1375, 468, 257, 9433, 44905, 287, 607, 1021], "temperature": 0.0, "avg_logprob": -0.29199840472294736, "compression_ratio": 1.3937007874015748, "no_speech_prob": 0.16346710920333862}, {"id": 2, "seek": 0, "start": 18.080000000000002, "end": 21.6, "text": " And the boy he's trying to get the cookies out of the jar for her", "tokens": [843, 262, 2933, 339, 338, 2111, 284, 651, 262, 14746, 503, 286, 262, 17379, 329, 607], "temperature": 0.0, "avg_logprob": -0.29199840472294736, "compression_ratio": 1.3937007874015748, "no_speech_prob": 0.16346710920333862}, {"id": 3, "seek": 2160, "start": 21.6, "end": 28.8, "text": " And he's gonna fall over by the way the looks", "tokens": [50363, 843, 339, 338, 8066, 2121, 625, 416, 262, 835, 262, 3073, 50723], "temperature": 0.0, "avg_logprob": -0.23067164421081543, "compression_ratio": 0.9375, "no_speech_prob": 1.4144709439278813e-06}], "language": "en", "label": 1}