{"text": " Anything else? What's happening over here? She's still in the dishes. What else is happening? Just so the light might fall off.", "segments": [{"id": 0, "seek": 0, "start": 0.0, "end": 15.0, "text": " Anything else? What's happening over here?", "tokens": [21035, 2073, 30, 1867, 338, 5836, 625, 994, 30], "temperature": 0.0, "avg_logprob": -0.4979113874764278, "compression_ratio": 1.1481481481481481, "no_speech_prob": 0.12411521375179291}, {"id": 1, "seek": 0, "start": 15.0, "end": 17.0, "text": " She's still in the dishes.", "tokens": [1375, 338, 991, 287, 262, 16759, 13], "temperature": 0.0, "avg_logprob": -0.4979113874764278, "compression_ratio": 1.1481481481481481, "no_speech_prob": 0.12411521375179291}, {"id": 2, "seek": 0, "start": 17.0, "end": 19.0, "text": " What else is happening?", "tokens": [1867, 2073, 318, 5836, 30], "temperature": 0.0, "avg_logprob": -0.4979113874764278, "compression_ratio": 1.1481481481481481, "no_speech_prob": 0.12411521375179291}, {"id": 3, "seek": 1900, "start": 19.0, "end": 28.0, "text": " Just so the light might fall off.", "tokens": [50363, 2329, 523, 262, 1657, 1244, 2121, 572, 13, 50813], "temperature": 0.0, "avg_logprob": -0.5963827479969371, "compression_ratio": 0.8918918918918919, "no_speech_prob": 2.840933302650228e-05}], "language": "en", "label": 1}