{"text": " I'm not there or something more important that is. Okay.", "segments": [{"id": 0, "seek": 0, "start": 0.0, "end": 4.0, "text": " I'm not there or something more important that is.", "tokens": [314, 1101, 407, 612, 393, 1223, 517, 1593, 326, 318, 13], "temperature": 0.0, "avg_logprob": -0.7865059640672472, "compression_ratio": 0.9180327868852459, "no_speech_prob": 0.09715937077999115}, {"id": 1, "seek": 400, "start": 4.0, "end": 32.0, "text": " Okay.", "tokens": [50363, 16805, 13, 51763], "temperature": 0.0, "avg_logprob": -0.841948413848877, "compression_ratio": 0.38461538461538464, "no_speech_prob": 0.0015967059880495071}], "language": "en", "label": 1}