{"text": " and let's see here okay let's see I can put the water in here and that it goes all the way down into this kitchen floor", "segments": [{"id": 0, "seek": 0, "start": 0.0, "end": 9.84, "text": " and let's see here", "tokens": [290, 1309, 338, 766, 994], "temperature": 0.0, "avg_logprob": -0.6501670678456625, "compression_ratio": 1.09375, "no_speech_prob": 0.006603715941309929}, {"id": 1, "seek": 0, "start": 17.2, "end": 21.6, "text": " okay let's see I can put the water in here and that", "tokens": [8788, 1309, 338, 766, 314, 460, 1234, 262, 1660, 287, 994, 290, 326], "temperature": 0.0, "avg_logprob": -0.6501670678456625, "compression_ratio": 1.09375, "no_speech_prob": 0.006603715941309929}, {"id": 2, "seek": 2160, "start": 21.6, "end": 28.240000000000002, "text": " it goes all the way down into this kitchen floor", "tokens": [50363, 340, 2925, 477, 262, 835, 866, 656, 428, 9592, 4314, 50695], "temperature": 0.0, "avg_logprob": -0.38197946548461914, "compression_ratio": 0.9056603773584906, "no_speech_prob": 1.4970578376960475e-05}], "language": "en", "label": 1}