{"text": " have not so much trouble in looking at that thing as an image, but not getting any of that so my Bye.", "segments": [{"id": 0, "seek": 0, "start": 0.0, "end": 26.64, "text": " have not so much trouble in looking at that thing as an image, but not getting any of", "tokens": [423, 407, 523, 881, 5876, 287, 2045, 379, 326, 1517, 355, 281, 2939, 11, 475, 407, 1972, 597, 286], "temperature": 0.0, "avg_logprob": -0.580043709796408, "compression_ratio": 1.1805555555555556, "no_speech_prob": 0.2625039517879486}, {"id": 1, "seek": 2664, "start": 26.64, "end": 29.16, "text": " that so my", "tokens": [326, 523, 616], "temperature": 1.0, "avg_logprob": -3.7777684529622397, "compression_ratio": 0.6363636363636364, "no_speech_prob": 3.7051788240205497e-05}, {"id": 2, "seek": 2916, "start": 29.16, "end": 30.0, "text": " Bye.", "tokens": [50363, 47843, 13, 50405], "temperature": 0.0, "avg_logprob": -0.9507390975952148, "compression_ratio": 0.3333333333333333, "no_speech_prob": 0.6656083464622498}], "language": "en", "label": 1}