{"text": " Also, over there is copyright. Leg. Is that all? Yeah, that's about all I see.", "segments": [{"id": 0, "seek": 0, "start": 0.0, "end": 8.0, "text": " Also, over there is copyright.", "tokens": [4418, 11, 625, 612, 318, 6634, 13], "temperature": 0.0, "avg_logprob": -0.6352393857894405, "compression_ratio": 1.0, "no_speech_prob": 0.3443491756916046}, {"id": 1, "seek": 0, "start": 10.0, "end": 11.0, "text": " Leg.", "tokens": [3564, 13], "temperature": 0.0, "avg_logprob": -0.6352393857894405, "compression_ratio": 1.0, "no_speech_prob": 0.3443491756916046}, {"id": 2, "seek": 0, "start": 15.0, "end": 16.0, "text": " Is that all?", "tokens": [1148, 326, 477, 30], "temperature": 0.0, "avg_logprob": -0.6352393857894405, "compression_ratio": 1.0, "no_speech_prob": 0.3443491756916046}, {"id": 3, "seek": 1600, "start": 16.0, "end": 26.0, "text": " Yeah, that's about all I see.", "tokens": [50363, 9425, 11, 326, 338, 546, 477, 314, 766, 13, 50863], "temperature": 0.0, "avg_logprob": -0.35666000843048096, "compression_ratio": 0.7837837837837838, "no_speech_prob": 0.005485644564032555}], "language": "en", "label": 1}