{"text": " And the mother does not see it because she's inside, drying the clothes. And the kids then just, I guess, did a picture that the mother is working hard and the kids were playing.", "segments": [{"id": 0, "seek": 0, "start": 0.0, "end": 13.76, "text": " And the mother does not see it because she's inside, drying the clothes.", "tokens": [843, 262, 2802, 857, 407, 766, 340, 780, 673, 338, 2641, 11, 29621, 262, 8242, 13], "temperature": 0.0, "avg_logprob": -0.3334265198818473, "compression_ratio": 1.4017094017094016, "no_speech_prob": 0.11306913197040558}, {"id": 1, "seek": 0, "start": 13.76, "end": 28.96, "text": " And the kids then just, I guess, did a picture that the mother is working hard and the kids", "tokens": [843, 262, 3988, 788, 655, 11, 314, 4724, 11, 750, 257, 4286, 326, 262, 2802, 318, 1762, 1327, 290, 262, 3988], "temperature": 0.0, "avg_logprob": -0.3334265198818473, "compression_ratio": 1.4017094017094016, "no_speech_prob": 0.11306913197040558}, {"id": 2, "seek": 2896, "start": 28.96, "end": 30.0, "text": " were playing.", "tokens": [50363, 547, 2712, 13, 50415], "temperature": 0.0, "avg_logprob": -0.8804919719696045, "compression_ratio": 0.6190476190476191, "no_speech_prob": 4.26465630880557e-05}], "language": "en", "label": 1}