{"text": " Cookies. I mean, uh.", "segments": [{"id": 0, "seek": 0, "start": 0.0, "end": 15.16, "text": " Cookies.", "tokens": [45305, 13], "temperature": 0.0, "avg_logprob": -0.9341538747151693, "compression_ratio": 0.5, "no_speech_prob": 0.13326646387577057}, {"id": 1, "seek": 1516, "start": 15.16, "end": 30.0, "text": " I mean, uh.", "tokens": [50363, 314, 1612, 11, 21480, 13, 51105], "temperature": 0.0, "avg_logprob": -0.7492187023162842, "compression_ratio": 0.5789473684210527, "no_speech_prob": 2.8408205253072083e-05}], "language": "en", "label": 1}