{"text": " Okay, good.", "segments": [{"id": 0, "seek": 0, "start": 0.0, "end": 2.0, "text": " Okay, good.", "tokens": [50363, 16805, 11, 922, 13, 50463], "temperature": 0.0, "avg_logprob": -0.48918492453438894, "compression_ratio": 0.5789473684210527, "no_speech_prob": 0.009537038393318653}], "language": "en", "label": 1}