{"text": " I think that's about it.", "segments": [{"id": 0, "seek": 0, "start": 0.0, "end": 21.92, "text": " I think that's about it.", "tokens": [50363, 314, 892, 326, 338, 546, 340, 13, 51459], "temperature": 0.0, "avg_logprob": -0.7650976657867432, "compression_ratio": 0.8, "no_speech_prob": 0.3091137111186981}], "language": "en", "label": 1}