{"text": " We'll have the new to see the outside world.", "segments": [{"id": 0, "seek": 0, "start": 0.0, "end": 4.0, "text": " We'll have the new to see the outside world.", "tokens": [50363, 775, 1183, 423, 262, 649, 284, 766, 262, 2354, 995, 13, 50563], "temperature": 0.0, "avg_logprob": -0.5693958827427456, "compression_ratio": 0.9361702127659575, "no_speech_prob": 0.037685178220272064}], "language": "en", "label": 1}