{"text": " okay let's just pop that over the head Children have copies.", "segments": [{"id": 0, "seek": 0, "start": 0.0, "end": 3.7600000000000002, "text": " okay", "tokens": [8788], "temperature": 1.0, "avg_logprob": -1.5112947463989257, "compression_ratio": 1.0, "no_speech_prob": 0.2566576898097992}, {"id": 1, "seek": 0, "start": 8.48, "end": 12.32, "text": " let's just pop that over the head", "tokens": [1309, 338, 655, 1461, 326, 625, 262, 1182], "temperature": 1.0, "avg_logprob": -1.5112947463989257, "compression_ratio": 1.0, "no_speech_prob": 0.2566576898097992}, {"id": 2, "seek": 1232, "start": 12.32, "end": 18.32, "text": " Children have copies.", "tokens": [50363, 8990, 423, 9088, 13, 50663], "temperature": 0.0, "avg_logprob": -0.5434319291796003, "compression_ratio": 0.7241379310344828, "no_speech_prob": 0.09912139177322388}], "language": "en", "label": 1}