{"text": " you", "segments": [{"id": 0, "seek": 0, "start": 0.0, "end": 2.0, "text": " you", "tokens": [50363, 345, 50463], "temperature": 0.0, "avg_logprob": -0.7772884368896484, "compression_ratio": 0.2727272727272727, "no_speech_prob": 0.6834372878074646}], "language": "en", "label": 1}