{"text": " They're doing the dishes This is their voice trying to fall off the stool and she's trying to get the dishes all out done Okay", "segments": [{"id": 0, "seek": 0, "start": 0.0, "end": 2.0, "text": " They're doing the dishes", "tokens": [1119, 821, 1804, 262, 16759], "temperature": 0.0, "avg_logprob": -0.30023874956018787, "compression_ratio": 1.3548387096774193, "no_speech_prob": 0.014159316197037697}, {"id": 1, "seek": 0, "start": 5.28, "end": 13.08, "text": " This is their voice trying to fall off the stool and she's trying to get the dishes all out done", "tokens": [770, 318, 511, 3809, 2111, 284, 2121, 572, 262, 38753, 290, 673, 338, 2111, 284, 651, 262, 16759, 477, 503, 1760], "temperature": 0.0, "avg_logprob": -0.30023874956018787, "compression_ratio": 1.3548387096774193, "no_speech_prob": 0.014159316197037697}, {"id": 2, "seek": 1308, "start": 13.08, "end": 27.08, "text": " Okay", "tokens": [50363, 16805, 51063], "temperature": 0.0, "avg_logprob": -0.921696126461029, "compression_ratio": 0.3333333333333333, "no_speech_prob": 3.7051151593914255e-05}], "language": "en", "label": 1}