{"text": " has a cookie in his hand that he got by climbing the step ladder, which is ready to fall. The sister is asking for something to eat. She has started a little and wants some more. Let's see now, the mother, the mother has...", "segments": [{"id": 0, "seek": 0, "start": 0.0, "end": 13.64, "text": " has a cookie in his hand that he got by climbing the step ladder, which is ready to fall.", "tokens": [468, 257, 19751, 287, 465, 1021, 326, 339, 1392, 416, 14281, 262, 2239, 18002, 11, 543, 318, 3492, 284, 2121, 13], "temperature": 0.0, "avg_logprob": -0.23169449965159097, "compression_ratio": 1.37984496124031, "no_speech_prob": 0.08289435505867004}, {"id": 1, "seek": 0, "start": 13.64, "end": 17.740000000000002, "text": " The sister is asking for something to eat.", "tokens": [383, 6621, 318, 4737, 329, 1223, 284, 4483, 13], "temperature": 0.0, "avg_logprob": -0.23169449965159097, "compression_ratio": 1.37984496124031, "no_speech_prob": 0.08289435505867004}, {"id": 2, "seek": 0, "start": 17.740000000000002, "end": 22.28, "text": " She has started a little and wants some more.", "tokens": [1375, 468, 2067, 257, 1310, 290, 3382, 617, 517, 13], "temperature": 0.0, "avg_logprob": -0.23169449965159097, "compression_ratio": 1.37984496124031, "no_speech_prob": 0.08289435505867004}, {"id": 3, "seek": 2228, "start": 22.28, "end": 30.0, "text": " Let's see now, the mother, the mother has...", "tokens": [50363, 3914, 338, 766, 783, 11, 262, 2802, 11, 262, 2802, 468, 986, 50749], "temperature": 0.0, "avg_logprob": -0.4278153419494629, "compression_ratio": 1.1, "no_speech_prob": 7.527779871452367e-06}], "language": "en", "label": 1}