{"text": " Okay, very good.", "segments": [{"id": 0, "seek": 0, "start": 0.0, "end": 5.48, "text": " Okay, very good.", "tokens": [50363, 16805, 11, 845, 922, 13, 50637], "temperature": 0.0, "avg_logprob": -0.48942914605140686, "compression_ratio": 0.6666666666666666, "no_speech_prob": 0.033901140093803406}], "language": "en", "label": 1}