{"text": " What's happening over here? There are", "segments": [{"id": 0, "seek": 0, "start": 0.0, "end": 18.740000000000002, "text": " What's happening over here?", "tokens": [1867, 338, 5836, 625, 994, 30], "temperature": 0.4, "avg_logprob": -0.8534372329711915, "compression_ratio": 0.7714285714285715, "no_speech_prob": 0.6015502214431763}, {"id": 1, "seek": 1874, "start": 18.74, "end": 34.019999999999996, "text": " There are", "tokens": [50363, 1318, 389, 51127], "temperature": 1.0, "avg_logprob": -2.324903106689453, "compression_ratio": 0.5294117647058824, "no_speech_prob": 0.00011409083526814356}], "language": "en", "label": 1}